{"stats":{"minecraft:killed":{"luminousworld:firefly":1,"naturalist:catfish":1,"minecraft:pig":2,"minecraft:iron_golem":1,"enemyexpansion:direwolf":1},"minecraft:killed_by":{"enemyexpansion:direwolf":2,"minecraft:player":1},"minecraft:custom":{"minecraft:time_since_rest":5958,"minecraft:sprint_one_cm":120327,"minecraft:damage_taken":1325,"minecraft:walk_one_cm":66386,"minecraft:mob_kills":7,"minecraft:drop":25,"minecraft:damage_dealt":2156,"minecraft:swim_one_cm":67335,"minecraft:interact_with_crafting_table":2,"minecraft:fly_one_cm":110460,"minecraft:player_kills":1,"minecraft:open_chest":15,"minecraft:crouch_one_cm":127,"minecraft:play_time":31534,"minecraft:deaths":4,"minecraft:sneak_time":350,"minecraft:walk_under_water_one_cm":10563,"tombstone:tomb_raiding":1,"minecraft:jump":767,"minecraft:time_since_death":17913,"minecraft:walk_on_water_one_cm":14960,"minecraft:interact_with_smoker":1,"minecraft:sleep_in_bed":1,"minecraft:total_world_time":31534,"minecraft:climb_one_cm":8926,"minecraft:fall_one_cm":19012,"minecraft:horse_one_cm":2613},"minecraft:picked_up":{"luminousworld:groundpebbles_1":1,"minecraft:mud":1,"minecraft:crafting_table":1,"minecraft:jungle_log":2,"minecraft:brown_bed":4,"minecraft:porkchop":4,"minecraft:sand":6,"tombstone:grave_key":2,"minecraft:birch_fence":1,"minecraft:arrow":2,"minecraft:rotten_flesh":1,"minecraft:hay_block":10,"alexsmobs:rattlesnake_rattle":1,"minecraft:iron_ingot":3,"minecraft:poppy":1,"minecraft:mangrove_roots":2,"supplementaries:ash":1,"naturalist:catfish":1,"minecraft:sugar_cane":17,"minecraft:mangrove_propagule":1},"minecraft:used":{"minecraft:mud":1,"minecraft:rabbit":1,"minecraft:bread":5,"minecraft:rotten_flesh":1,"minecraft:sand":4,"alexsmobs:animal_dictionary":3,"tombstone:gift":2,"minecraft:brown_bed":3},"minecraft:mined":{"minecraft:hay_block":10,"minecraft:tall_seagrass":1,"iceandfire:graveyard_soil":1,"minecraft:mud":1,"minecraft:mangrove_roots":3,"minecraft:mangrove_leaves":4,"minecraft:crafting_table":1,"minecraft:brown_bed":4,"minecraft:grass":10,"minecraft:poppy":1,"minecraft:jungle_log":2,"minecraft:tall_grass":3,"luminousworld:groundpebbles_2":1,"minecraft:sugar_cane":7,"minecraft:mangrove_propagule":1,"minecraft:birch_fence":1},"minecraft:dropped":{"supplementaries:ash":1,"minecraft:sugar_cane":1,"tombstone:grave_key":3,"minecraft:golden_horse_armor":1,"minecraft:rabbit":1,"minecraft:mangrove_propagule":1,"minecraft:gold_nugget":9,"minecraft:sand":6,"minecraft:golden_shovel":1,"minecraft:rabbit_foot":1}},"DataVersion":3465}