{"stats":{"minecraft:killed":{"luminousworld:firefly":1,"enemyexpansion:direwolf":1},"minecraft:killed_by":{"enemyexpansion:direwolf":2},"minecraft:custom":{"minecraft:time_since_rest":5084,"minecraft:play_time":7534,"minecraft:sprint_one_cm":17916,"minecraft:walk_one_cm":19331,"minecraft:damage_taken":740,"minecraft:deaths":2,"minecraft:sneak_time":52,"minecraft:walk_under_water_one_cm":1447,"minecraft:mob_kills":3,"minecraft:drop":7,"minecraft:jump":170,"minecraft:damage_dealt":444,"minecraft:walk_on_water_one_cm":3417,"minecraft:time_since_death":5342,"minecraft:climb_one_cm":1588,"minecraft:total_world_time":7534,"minecraft:swim_one_cm":10551,"minecraft:fall_one_cm":3223,"minecraft:fly_one_cm":22582},"minecraft:picked_up":{"minecraft:sand":6,"minecraft:mangrove_roots":2,"minecraft:mangrove_propagule":1},"minecraft:used":{"alexsmobs:animal_dictionary":2},"minecraft:mined":{"minecraft:grass":5,"minecraft:mangrove_roots":3,"minecraft:mangrove_propagule":1},"minecraft:dropped":{"minecraft:sand":6,"minecraft:mangrove_propagule":1}},"DataVersion":3465}