{"stats":{"minecraft:broken":{"minecraft:wooden_shovel":1,"minecraft:iron_chestplate":1,"iceandfire:armor_red_boots":1,"minecraft:golden_shovel":2,"minecraft:iron_leggings":1,"minecraft:iron_sword":1,"iceandfire:armor_green_helmet":1,"minecraft:shield":1,"minecraft:iron_axe":1},"minecraft:picked_up":{"minecraft:wooden_axe":1,"minecraft:iron_chestplate":5,"minecraft:birch_door":1,"minecraft:wheat":9,"tombstone:tablet_of_home":1,"minecraft:diamond_sword":4,"minecraft:brown_bed":10,"minecraft:enchanted_book":5,"tombstone:grave_key":2,"minecraft:string":6,"minecraft:dark_oak_trapdoor":1,"iceandfire:dragonbone_pickaxe":1,"minecraft:red_nether_bricks":4,"minecraft:iron_leggings":4,"minecraft:armor_stand":7,"minecraft:netherite_ingot":65,"minecraft:experience_bottle":1,"minecraft:gold_nugget":1,"earthmobsmod:duck_egg":1,"minecraft:spruce_planks":6,"minecraft:cobblestone_slab":1,"minecraft:calcite":12,"minecraft:iron_pickaxe":4,"iceandfire:dragonscales_red":38,"minecraft:mangrove_log":2,"ecologics:crab_claw":1,"minecraft:iron_boots":4,"minecraft:furnace":5,"minecraft:golden_helmet":1,"minecraft:stick":71,"born_in_chaos_v1:shattered_skull":4,"minecraft:oak_fence":1,"minecraft:torch":5,"minecraft:spruce_stairs":3,"quark:yellow_corundum_cluster":3,"luminousworld:savannah_soil":3,"minecraft:porkchop":5,"tombstone:grave_dust":6,"minecraft:diorite":2,"born_in_chaos_v1:nightmare_claw":1,"minecraft:golden_chestplate":1,"luminousworld:grassflowers":3,"minecraft:honey_bottle":1,"minecraft:mangrove_stairs":2,"minecraft:rotten_flesh":33,"iceandfire:fire_dragon_heart":2,"minecraft:iron_block":1,"minecraft:mangrove_roots":2,"supplementaries:ash":18,"iceandfire:armor_green_helmet":1,"minecraft:obsidian":4,"minecraft:iron_bars":1,"minecraft:cobblestone":143,"minecraft:birch_log":1,"minecraft:magma_block":2,"minecraft:feather":6,"minecraft:jungle_log":2,"minecraft:birch_slab":2,"minecraft:andesite":7,"minecraft:smoker":2,"minecraft:flint":8,"luminousworld:purple_petunias":1,"undead_revamp2:huntereye":1,"minecraft:lapis_lazuli":18,"minecraft:mangrove_slab":4,"minecraft:dirt":306,"born_in_chaos_v1:monster_skin":3,"minecraft:bone":58,"minecraft:acacia_planks":1,"undead_revamp2:blacpetalblock":1,"minecraft:bow":2,"minecraft:wheat_seeds":37,"luminousworld:elephant_grass":3,"minecraft:dark_oak_sign":3,"minecraft:diamond_helmet":1,"minecraft:cooked_porkchop":3,"minecraft:red_sandstone_wall":1,"iceandfire:podium_spruce":1,"tombstone:scroll_of_feather_fall":1,"iceandfire:dragon_skull_fire":1,"minecraft:sand":31,"minecraft:nether_brick_stairs":2,"minecraft:cyan_bed":1,"minecraft:dark_prismarine":6,"alexsmobs:guster_eye":1,"minecraft:diamond":42,"minecraft:soul_lantern":1,"alexsmobs:rattlesnake_rattle":1,"minecraft:granite":14,"minecraft:golden_apple":1,"minecraft:chainmail_helmet":2,"minecraft:emerald":18,"alexsmobs:maggot":2,"minecraft:oak_sapling":2,"born_in_chaos_v1:rotten_fish":2,"iceandfire:raw_silver":4,"minecraft:charcoal":15,"luminousworld:groundpebbles_1":3,"iceandfire:dragon_skull_lightning":2,"minecraft:mud":1,"minecraft:crafting_table":6,"minecraft:allium":2,"minecraft:sandstone_slab":21,"minecraft:rabbit_stew":1,"alexsmobs:roadrunner_feather":1,"minecraft:iron_axe":1,"minecraft:item_frame":8,"minecraft:white_carpet":1,"minecraft:iron_shovel":3,"minecraft:birch_fence":4,"minecraft:cyan_carpet":5,"iceandfire:bestiary":1,"minecraft:netherite_sword":3,"minecraft:beef":1,"minecraft:player_head":1,"minecraft:cyan_wool":2,"minecraft:iron_nugget":2,"minecraft:poppy":14,"naturalist:catfish":1,"minecraft:sugar_cane":33,"minecraft:stripped_mangrove_wood":4,"minecraft:raw_iron":37,"minecraft:sandstone":13,"iceandfire:dragonbone":54,"luminousworld:blue_petunias":2,"minecraft:copper_ingot":7,"minecraft:stone_button":1,"born_in_chaos_v1:pieceofdarkmetal":2,"minecraft:carrot":27,"minecraft:redstone":9,"minecraft:dark_oak_planks":2,"minecraft:arrow":52,"iceandfire:cyclops_eye":1,"minecraft:diamond_chestplate":2,"minecraft:beetroot_seeds":3,"minecraft:pumpkin_pie":4,"minecraft:nether_bricks":1,"minecraft:hay_block":17,"minecraft:gold_ingot":3,"minecraft:mutton":20,"minecraft:white_wool":3,"born_in_chaos_v1:corpse_maggot":18,"minecraft:mud_bricks":7,"minecraft:air":0,"born_in_chaos_v1:monster_flesh":1,"luminousworld:ishstone":13,"minecraft:leather":1,"minecraft:acacia_wood":2,"minecraft:birch_planks":8,"minecraft:oak_log":12,"minecraft:chainmail_chestplate":1,"iceandfire:ectoplasm":5,"enemyexpansion:scorpion_tail":1,"tombstone:gift":2,"minecraft:stone_bricks":1,"minecraft:gray_carpet":1,"minecraft:iron_ingot":21,"minecraft:glass_bottle":1,"minecraft:gray_bed":1,"minecraft:iron_sword":2,"iceandfire:crackled_cobblestone":8,"minecraft:book":106,"minecraft:scaffolding":2,"iceandfire:dragonbone_sword":1,"iceandfire:ash":8,"born_in_chaos_v1:ethereal_spirit":2,"minecraft:gravel":27,"minecraft:blast_furnace":5,"minecraft:nether_brick_slab":1,"iceandfire:dragonbone_axe":1,"minecraft:slime_ball":1,"minecraft:iron_helmet":5,"minecraft:diamond_axe":1,"minecraft:waxed_oxidized_cut_copper_slab":2,"tombstone:magic_scroll":3,"minecraft:mangrove_propagule":1,"minecraft:coal":42,"minecraft:ender_pearl":1},"minecraft:used":{"minecraft:iron_shovel":86,"naturalist:cooked_catfish":1,"minecraft:shield":88,"minecraft:iron_sword":213,"minecraft:rotten_flesh":7,"minecraft:iron_chestplate":1,"minecraft:mutton":20,"minecraft:nether_bricks":1,"minecraft:carrot":53,"iceandfire:dragonbone_axe":62,"minecraft:honey_bottle":2,"iceandfire:armor_red_boots":1,"minecraft:glass":2,"born_in_chaos_v1:corpse_maggot":3,"minecraft:bow":52,"minecraft:furnace":3,"minecraft:gray_bed":1,"minecraft:golden_boots":1,"minecraft:diamond_boots":3,"minecraft:sandstone":5,"minecraft:diamond_axe":34,"iceandfire:armor_red_chestplate":1,"minecraft:golden_apple":25,"minecraft:white_wool":10,"minecraft:sand":12,"minecraft:blast_furnace":3,"earthmobsmod:duck_egg":1,"iceandfire:dragonbone_sword":442,"minecraft:bread":124,"minecraft:cyan_bed":1,"minecraft:gravel":13,"minecraft:diamond_sword":47,"minecraft:oak_boat":1,"minecraft:experience_bottle":1,"minecraft:netherite_sword":436,"minecraft:flint_and_steel":39,"born_in_chaos_v1:ethereal_spirit":13,"minecraft:spruce_planks":1,"minecraft:wooden_shovel":60,"born_in_chaos_v1:fried_maggot":2,"minecraft:dirt":304,"minecraft:torch":4,"minecraft:anvil":1,"minecraft:golden_shovel":71,"minecraft:diamond_helmet":2,"minecraft:wooden_axe":22,"minecraft:iron_axe":348,"minecraft:iron_boots":3,"undead_revamp2:huntereye":1,"iceandfire:armor_red_leggings":1,"minecraft:diamond_chestplate":1,"minecraft:golden_carrot":2,"tombstone:gift":8,"iceandfire:dragonbone_pickaxe":216,"minecraft:acacia_planks":1,"minecraft:brown_bed":8,"minecraft:iron_leggings":5,"minecraft:calcite":4,"minecraft:water_bucket":72,"minecraft:rabbit":1,"minecraft:birch_planks":6,"minecraft:crafting_table":8,"minecraft:smoker":1,"tombstone:bag_of_seeds":2,"minecraft:oak_log":2,"minecraft:mud":1,"minecraft:iron_pickaxe":425,"iceandfire:ash":3,"minecraft:cobblestone":111,"minecraft:porkchop":4,"minecraft:cooked_porkchop":5,"minecraft:bucket":72,"alexsmobs:animal_dictionary":3,"minecraft:pumpkin_pie":8,"tombstone:scroll_of_unstable_intangibility":1,"minecraft:splash_potion":1},"minecraft:mined":{"minecraft:waxed_cut_copper_slab":1,"minecraft:spruce_planks":14,"iceandfire:graveyard_soil":1,"supplementaries:candle_holder":1,"minecraft:granite":19,"minecraft:grass_block":133,"minecraft:jungle_log":2,"quark:yellow_corundum":2,"minecraft:mud_bricks":9,"minecraft:mud_brick_wall":1,"minecraft:spawner":15,"luminousworld:savanna_grass_2":15,"iceandfire:crackled_cobblestone":8,"minecraft:tall_seagrass":1,"minecraft:magma_block":2,"minecraft:iron_ore":31,"minecraft:fire":59,"minecraft:deepslate_lapis_ore":2,"minecraft:nether_brick_stairs":2,"minecraft:brown_bed":9,"minecraft:iron_bars":1,"minecraft:stripped_mangrove_wood":9,"minecraft:iron_block":1,"minecraft:player_head":1,"minecraft:spruce_slab":3,"minecraft:waxed_cut_copper_stairs":2,"minecraft:waxed_cut_copper":2,"minecraft:sandstone_slab":5,"ecologics:pot":1,"minecraft:cyan_terracotta":3,"luminousworld:tall_deadbush":2,"minecraft:smoker":2,"minecraft:blast_furnace":5,"minecraft:calcite":13,"minecraft:poppy":1,"minecraft:chest":1,"minecraft:dead_bush":2,"minecraft:nether_brick_slab":2,"minecraft:cobblestone":22,"minecraft:cyan_bed":2,"minecraft:sugar_cane":7,"minecraft:wall_torch":1,"minecraft:mud":2,"minecraft:tinted_glass":7,"minecraft:wheat":11,"minecraft:tnt":2,"minecraft:grass":101,"minecraft:oak_log":9,"minecraft:dirt":125,"minecraft:sand":17,"quark:yellow_corundum_cluster":3,"luminousworld:grassvariant_3":12,"minecraft:mangrove_log":2,"minecraft:tripwire_hook":1,"minecraft:yellow_stained_glass":2,"luminousworld:savannah_grass_4":21,"minecraft:oak_leaves":8,"minecraft:deepslate":135,"luminousworld:savannah_ground":1,"minecraft:dark_prismarine":25,"luminousworld:groundpebbles_1":1,"iceandfire:silver_ore":2,"luminousworld:grassvariant_4":2,"luminousworld:blue_petunias":1,"minecraft:mangrove_roots":3,"minecraft:nether_bricks":2,"minecraft:dark_oak_fence":3,"minecraft:spruce_fence":1,"born_in_chaos_v1:black_argillite":2,"iceandfire:deepslate_silver_ore":1,"luminousworld:grassvariant_2":28,"luminousworld:blackberrybush":1,"minecraft:birch_slab":2,"minecraft:sandstone":13,"minecraft:mangrove_propagule":1,"minecraft:hay_block":16,"minecraft:redstone_ore":2,"minecraft:packed_mud":1,"minecraft:waxed_oxidized_cut_copper":1,"luminousworld:yellow_grassflowers":1,"minecraft:furnace":4,"minecraft:carrots":7,"minecraft:acacia_stairs":1,"minecraft:waxed_oxidized_cut_copper_slab":2,"minecraft:acacia_wood":4,"minecraft:andesite":7,"minecraft:peony":5,"minecraft:polished_deepslate":1,"minecraft:bookshelf":36,"minecraft:cobblestone_slab":1,"minecraft:deepslate_iron_ore":6,"minecraft:vine":1,"minecraft:smooth_quartz_stairs":2,"luminousworld:groundpebbles_2":1,"minecraft:stone":133,"iceandfire:podium_spruce":1,"minecraft:cake":1,"luminousworld:savannah_soil":3,"minecraft:scaffolding":2,"minecraft:mangrove_stairs":1,"minecraft:glass_pane":1,"minecraft:dandelion":1,"minecraft:oak_fence":1,"minecraft:crafting_table":6,"luminousworld:savannah_grass_1":21,"minecraft:rose_bush":2,"minecraft:campfire":4,"luminousworld:grassflowers":4,"minecraft:tall_grass":16,"minecraft:diorite":12,"supplementaries:urn":3,"minecraft:spruce_stairs":3,"minecraft:birch_planks":2,"minecraft:gray_wool":2,"minecraft:gray_bed":1,"minecraft:mangrove_leaves":23,"minecraft:mangrove_slab":3,"minecraft:red_sandstone_wall":1,"minecraft:coal_ore":19,"luminousworld:ishstone":2,"minecraft:sunflower":3,"minecraft:gravel":28,"minecraft:gray_carpet":1,"minecraft:cobweb":10,"minecraft:acacia_planks":6,"minecraft:polished_andesite":1,"minecraft:stripped_acacia_wood":4,"minecraft:stone_bricks":2,"luminousworld:elephant_grass":4,"minecraft:birch_fence":5,"minecraft:iron_trapdoor":2,"minecraft:dark_oak_planks":3,"luminousworld:white_petunias":1},"minecraft:custom":{"minecraft:interact_with_crafting_table":56,"minecraft:open_barrel":17,"minecraft:eat_cake_slice":9,"minecraft:leave_game":7,"minecraft:time_since_death":7433,"minecraft:damage_resisted":824,"minecraft:sprint_one_cm":1561505,"minecraft:damage_blocked_by_shield":1785,"minecraft:drop":272,"minecraft:play_noteblock":10,"minecraft:talked_to_villager":1,"minecraft:play_time":574157,"minecraft:deaths":82,"tombstone:tomb_raiding":1,"minecraft:jump":9771,"minecraft:interact_with_brewingstand":1,"minecraft:walk_on_water_one_cm":107342,"minecraft:interact_with_furnace":6,"minecraft:sleep_in_bed":8,"minecraft:damage_dealt":42979,"minecraft:player_kills":1,"minecraft:crouch_one_cm":52972,"tombstone:undead_killed":100,"tombstone:villager_killed":3,"minecraft:interact_with_smoker":4,"minecraft:interact_with_smithing_table":4,"minecraft:inspect_dispenser":2,"minecraft:horse_one_cm":2631,"minecraft:interact_with_anvil":21,"minecraft:mob_kills":213,"minecraft:damage_dealt_resisted":2099,"minecraft:climb_one_cm":31057,"minecraft:walk_one_cm":1287935,"minecraft:sneak_time":18990,"minecraft:walk_under_water_one_cm":94696,"minecraft:boat_one_cm":15435,"minecraft:interact_with_blast_furnace":14,"minecraft:total_world_time":574157,"tombstone:raider_killed":6,"minecraft:time_since_rest":7212,"minecraft:damage_absorbed":762,"minecraft:damage_taken":37904,"minecraft:trigger_trapped_chest":1,"tombstone:cast_on_ally":0,"minecraft:swim_one_cm":282965,"minecraft:fly_one_cm":1482669,"minecraft:open_chest":210,"minecraft:fall_one_cm":345566},"minecraft:dropped":{"minecraft:nether_brick_stairs":2,"iceandfire:raw_silver":3,"minecraft:stripped_mangrove_wood":3,"minecraft:oak_log":1,"minecraft:glass_bottle":3,"minecraft:diamond":4,"minecraft:sandstone_slab":21,"minecraft:leather":1,"minecraft:jungle_planks":1,"minecraft:red_sandstone_wall":1,"born_in_chaos_v1:pieceofdarkmetal":2,"minecraft:birch_slab":2,"minecraft:flint":4,"minecraft:item_frame":2,"minecraft:emerald":20,"minecraft:dirt":2,"minecraft:birch_fence":4,"alexsmobs:roadrunner_feather":1,"minecraft:stone_button":1,"minecraft:mangrove_stairs":2,"minecraft:gold_nugget":9,"iceandfire:ash":5,"minecraft:sand":10,"iceandfire:fire_dragon_blood":3,"minecraft:iron_pickaxe":2,"minecraft:dark_oak_planks":1,"minecraft:mangrove_slab":4,"minecraft:white_wool":4,"minecraft:cyan_carpet":5,"minecraft:bone":33,"minecraft:sugar_cane":1,"minecraft:iron_nugget":2,"minecraft:golden_chestplate":2,"minecraft:netherite_sword":1,"minecraft:wheat":11,"minecraft:soul_lantern":2,"born_in_chaos_v1:ethereal_spirit":1,"minecraft:rotten_flesh":15,"luminousworld:savannah_soil":3,"minecraft:golden_shovel":1,"minecraft:waxed_oxidized_cut_copper_slab":2,"minecraft:rabbit_foot":1,"minecraft:poppy":14,"supplementaries:ash":10,"minecraft:beetroot_seeds":3,"minecraft:lingering_potion":1,"born_in_chaos_v1:corpse_maggot":5,"minecraft:birch_door":1,"iceandfire:bestiary":1,"minecraft:red_nether_bricks":4,"minecraft:iron_bars":1,"minecraft:arrow":1,"minecraft:scaffolding":2,"minecraft:iron_ingot":1,"minecraft:enchanted_book":2,"tombstone:scroll_of_feather_fall":1,"born_in_chaos_v1:shattered_skull":4,"minecraft:wheat_seeds":33,"luminousworld:ishstone":10,"tombstone:tablet_of_home":1,"minecraft:golden_horse_armor":1,"minecraft:iron_helmet":3,"minecraft:mangrove_propagule":1,"minecraft:feather":4,"minecraft:cobblestone":24,"minecraft:book":2,"enemyexpansion:scorpion_tail":1,"alexsmobs:rattlesnake_rattle":1,"iceandfire:dragon_stick":1,"minecraft:granite":14,"minecraft:copper_ingot":4,"minecraft:chainmail_helmet":1,"minecraft:spruce_stairs":2,"minecraft:stick":3,"iceandfire:podium_spruce":1,"minecraft:diorite":2,"tombstone:magic_scroll":2,"minecraft:torch":1,"minecraft:wooden_axe":2,"tombstone:grave_key":4,"minecraft:rabbit":1,"minecraft:iron_leggings":1,"minecraft:iron_axe":1,"minecraft:iron_shovel":2,"minecraft:string":6,"minecraft:gray_carpet":1,"minecraft:redstone":1,"minecraft:nether_brick_slab":2,"alexsmobs:maggot":2,"minecraft:player_head":1,"minecraft:dark_oak_sign":3,"minecraft:raw_iron":1,"iceandfire:witherbone":14,"minecraft:white_carpet":1,"minecraft:iron_boots":3,"minecraft:filled_map":1,"minecraft:diamond_sword":3,"minecraft:cobblestone_slab":1,"minecraft:hay_block":2,"minecraft:cyan_wool":2,"minecraft:allium":2,"minecraft:diamond_chestplate":1,"minecraft:spruce_planks":2,"minecraft:iron_chestplate":4,"luminousworld:groundpebbles_1":3,"minecraft:andesite":7,"minecraft:oak_sapling":1,"minecraft:brown_bed":1,"minecraft:diamond_boots":1,"minecraft:sandstone":1,"luminousworld:elephant_grass":1,"iceandfire:fire_dragon_heart":1,"minecraft:dark_prismarine":6},"minecraft:crafted":{"naturalist:cooked_catfish":1,"minecraft:oak_planks":36,"minecraft:glass":5,"minecraft:golden_boots":1,"minecraft:glass_bottle":3,"minecraft:wooden_shovel":1,"minecraft:crafting_table":3,"iceandfire:armor_red_chestplate":1,"minecraft:birch_planks":4,"minecraft:iron_chestplate":2,"minecraft:shield":1,"minecraft:stick":8,"minecraft:iron_ingot":24,"minecraft:iron_pickaxe":1,"minecraft:iron_block":2,"iceandfire:dragonbone_sword_fire":1,"iceandfire:dragon_stick":2,"minecraft:iron_axe":3,"born_in_chaos_v1:fried_maggot":6,"iceandfire:armor_red_leggings":1,"minecraft:diamond_boots":1,"iceandfire:armor_red_boots":1,"minecraft:wheat":135,"iceandfire:dragonscale_red":1,"minecraft:golden_shovel":2,"minecraft:mangrove_planks":8,"minecraft:bucket":1,"minecraft:bread":50,"minecraft:air":0,"minecraft:jungle_planks":8,"iceandfire:armor_red_helmet":1,"minecraft:oak_boat":1,"minecraft:wooden_axe":1,"minecraft:iron_leggings":1,"minecraft:anvil":1,"minecraft:torch":4,"minecraft:diamond_chestplate":1},"minecraft:killed":{"alexsmobs:hummingbird":1,"born_in_chaos_v1:zombie_lumberjack":1,"born_in_chaos_v1:pumpkin_spirit":1,"minecraft:spider":3,"undead_revamp2:thesmoker":1,"minecraft:zombie_horse":1,"minecraft:skeleton":31,"luminousworld:ringlet":1,"born_in_chaos_v1:skeleton_thrasher":1,"ecologics:coconut_crab":1,"minecraft:pig":3,"luminousworld:hollow":1,"minecraft:iron_golem":2,"earthmobsmod:lobber_zombie":1,"minecraft:creeper":1,"minecraft:sheep":2,"luminousworld:savannah_skeleton":6,"minecraft:zombie":16,"born_in_chaos_v1:dread_hound":2,"born_in_chaos_v1:corpse_fly":11,"enemyexpansion:botfly":5,"alexsmobs:roadrunner":1,"alexsmobs:fly":1,"bettermobs:capivara":1,"takesapillage:archer":1,"naturalist:lion":1,"undead_revamp2:thehunter":1,"undead_revamp2:theimmortal":2,"minecraft:vindicator":1,"illagerinvasion:marauder":1,"minecraft:slime":2,"enemyexpansion:direwolf":9,"naturalist:tortoise":2,"born_in_chaos_v1:zombie_bruiser":1,"born_in_chaos_v1:maggot":17,"minecraft:phantom":3,"enemyexpansion:faller":1,"iceandfire:fire_dragon":2,"friendsandfoes:mauler":1,"takesapillage:clay_golem":1,"undead_revamp2:sucker":5,"enemyexpansion:goblin":1,"luminousworld:savannah_zombie":2,"born_in_chaos_v1:barrel_zombie":1,"enemyexpansion:scorpion":2,"friendsandfoes:copper_golem":3,"luminousworld:firefly":1,"minecraft:husk":6,"alexsmobs:guster":4,"iceandfire:cyclops":1,"born_in_chaos_v1:baby_skeleton":1,"naturalist:butterfly":1,"earthmobsmod:skeleton_wolf":1,"undead_revamp2:the_moonflower":5,"enemyexpansion:sprinter":1,"earthmobsmod:cream_cow":1,"minecraft:hoglin":1,"undead_revamp2:thesomnolence":1,"naturalist:catfish":1,"iceandfire:ghost":4,"ecologics:squirrel":1,"alexsmobs:gazelle":1,"enemyexpansion:huntsman":1,"minecraft:wither_skeleton":6,"minecraft:villager":3,"minecraft:enderman":1},"minecraft:killed_by":{"minecraft:wither_skeleton":7,"iceandfire:cyclops":6,"iceandfire:sea_serpent":1,"undead_revamp2:clogger":1,"minecraft:vindicator":1,"enemyexpansion:sprinter":1,"enemyexpansion:scorpion":1,"minecraft:zombie":3,"undead_revamp2:theheavy":1,"iceandfire:fire_dragon":9,"minecraft:husk":11,"minecraft:player":1,"undead_revamp2:theswarmer":2,"alexsmobs:bison":1,"minecraft:slime":1,"born_in_chaos_v1:decaying_zombie":1,"minecraft:hoglin":4,"minecraft:skeleton":5,"iceandfire:lightning_dragon":1,"enemyexpansion:direwolf":2,"luminousworld:savannah_skeleton":1}},"DataVersion":3465}