{"stats":{"minecraft:killed":{"luminousworld:firefly":1,"enemyexpansion:direwolf":1},"minecraft:killed_by":{"enemyexpansion:direwolf":2,"minecraft:player":1},"minecraft:custom":{"minecraft:time_since_rest":5754,"minecraft:sprint_one_cm":75201,"minecraft:damage_taken":1115,"minecraft:walk_one_cm":37291,"minecraft:mob_kills":3,"minecraft:drop":24,"minecraft:damage_dealt":675,"minecraft:swim_one_cm":59764,"minecraft:fly_one_cm":76725,"minecraft:player_kills":1,"minecraft:open_chest":6,"minecraft:crouch_one_cm":102,"minecraft:play_time":19534,"minecraft:deaths":4,"minecraft:sneak_time":229,"minecraft:walk_under_water_one_cm":8675,"tombstone:tomb_raiding":1,"minecraft:jump":488,"minecraft:time_since_death":5913,"minecraft:walk_on_water_one_cm":11702,"minecraft:total_world_time":19534,"minecraft:climb_one_cm":3843,"minecraft:fall_one_cm":11047,"minecraft:horse_one_cm":1800},"minecraft:picked_up":{"minecraft:mud":1,"minecraft:sand":6,"tombstone:grave_key":2,"minecraft:birch_fence":1,"minecraft:arrow":2,"minecraft:hay_block":10,"minecraft:mangrove_roots":2,"supplementaries:ash":1,"minecraft:sugar_cane":16,"minecraft:mangrove_propagule":1},"minecraft:used":{"minecraft:mud":1,"minecraft:rabbit":1,"alexsmobs:animal_dictionary":2,"tombstone:gift":2},"minecraft:mined":{"minecraft:hay_block":10,"minecraft:mud":1,"minecraft:mangrove_roots":3,"minecraft:grass":5,"minecraft:sugar_cane":7,"minecraft:mangrove_propagule":1,"minecraft:birch_fence":1},"minecraft:dropped":{"supplementaries:ash":1,"tombstone:grave_key":3,"minecraft:golden_horse_armor":1,"minecraft:rabbit":1,"minecraft:mangrove_propagule":1,"minecraft:gold_nugget":9,"minecraft:sand":6,"minecraft:golden_shovel":1,"minecraft:rabbit_foot":1}},"DataVersion":3465}