{"stats":{"minecraft:picked_up":{"minecraft:wooden_axe":1,"minecraft:mud":1,"luminousworld:groundpebbles_1":2,"minecraft:charcoal":8,"minecraft:crafting_table":5,"minecraft:iron_chestplate":2,"minecraft:wheat":1,"minecraft:allium":2,"minecraft:sandstone_slab":1,"minecraft:diamond_sword":1,"alexsmobs:roadrunner_feather":1,"minecraft:brown_bed":6,"tombstone:grave_key":2,"minecraft:string":4,"minecraft:iron_leggings":3,"minecraft:birch_fence":3,"minecraft:item_frame":6,"minecraft:armor_stand":7,"minecraft:white_carpet":1,"minecraft:iron_shovel":2,"minecraft:experience_bottle":1,"minecraft:gold_nugget":1,"minecraft:poppy":5,"minecraft:iron_nugget":2,"minecraft:iron_pickaxe":2,"naturalist:catfish":1,"minecraft:sugar_cane":17,"minecraft:mangrove_log":2,"minecraft:iron_boots":4,"minecraft:furnace":2,"minecraft:stick":6,"minecraft:raw_iron":24,"minecraft:sandstone":12,"minecraft:copper_ingot":5,"minecraft:spruce_stairs":1,"minecraft:porkchop":4,"minecraft:redstone":9,"minecraft:arrow":3,"minecraft:rotten_flesh":6,"minecraft:pumpkin_pie":1,"minecraft:hay_block":17,"minecraft:mangrove_roots":2,"supplementaries:ash":1,"minecraft:mutton":16,"minecraft:cobblestone":42,"born_in_chaos_v1:corpse_maggot":7,"minecraft:feather":6,"minecraft:birch_slab":1,"minecraft:andesite":7,"minecraft:jungle_log":2,"minecraft:smoker":1,"minecraft:bone":1,"minecraft:bow":1,"minecraft:wheat_seeds":2,"minecraft:iron_ingot":9,"minecraft:gray_bed":1,"minecraft:scaffolding":1,"minecraft:sand":18,"minecraft:blast_furnace":2,"alexsmobs:rattlesnake_rattle":1,"minecraft:iron_helmet":2,"minecraft:granite":14,"minecraft:chainmail_helmet":2,"minecraft:mangrove_propagule":1,"minecraft:coal":2,"iceandfire:raw_silver":1},"minecraft:dropped":{"minecraft:iron_ingot":1,"minecraft:golden_horse_armor":1,"minecraft:sandstone_slab":1,"minecraft:mangrove_propagule":1,"minecraft:feather":4,"alexsmobs:rattlesnake_rattle":1,"minecraft:granite":14,"minecraft:jungle_planks":1,"minecraft:chainmail_helmet":1,"minecraft:birch_slab":1,"minecraft:item_frame":2,"minecraft:stick":3,"minecraft:birch_fence":3,"alexsmobs:roadrunner_feather":1,"tombstone:grave_key":3,"minecraft:wooden_axe":2,"minecraft:rabbit":1,"minecraft:gold_nugget":9,"minecraft:sand":6,"minecraft:iron_pickaxe":1,"minecraft:iron_shovel":1,"minecraft:string":4,"minecraft:white_wool":3,"minecraft:redstone":1,"minecraft:sugar_cane":1,"minecraft:iron_nugget":2,"minecraft:rotten_flesh":3,"minecraft:iron_boots":1,"minecraft:golden_shovel":1,"minecraft:rabbit_foot":1,"minecraft:diamond_sword":1,"minecraft:poppy":5,"supplementaries:ash":1,"minecraft:hay_block":2,"minecraft:allium":2,"luminousworld:groundpebbles_1":2,"minecraft:andesite":7},"minecraft:mined":{"iceandfire:graveyard_soil":1,"iceandfire:silver_ore":1,"minecraft:mangrove_roots":3,"minecraft:granite":14,"born_in_chaos_v1:black_argillite":1,"minecraft:jungle_log":2,"minecraft:birch_slab":1,"minecraft:mangrove_propagule":1,"minecraft:sandstone":12,"minecraft:hay_block":16,"minecraft:tall_seagrass":1,"minecraft:redstone_ore":2,"minecraft:furnace":3,"minecraft:iron_ore":24,"minecraft:fire":6,"minecraft:andesite":7,"minecraft:brown_bed":6,"luminousworld:groundpebbles_2":1,"minecraft:stone":42,"minecraft:sandstone_slab":1,"minecraft:scaffolding":1,"ecologics:pot":1,"minecraft:smoker":1,"minecraft:crafting_table":5,"minecraft:blast_furnace":2,"minecraft:poppy":1,"minecraft:campfire":4,"minecraft:tall_grass":3,"minecraft:sugar_cane":7,"minecraft:diorite":2,"minecraft:spruce_stairs":1,"minecraft:mud":1,"minecraft:gray_bed":1,"minecraft:mangrove_leaves":23,"minecraft:grass":10,"minecraft:sand":9,"minecraft:mangrove_log":2,"minecraft:oak_leaves":1,"minecraft:birch_fence":1,"minecraft:deepslate":13},"minecraft:killed_by":{"minecraft:player":1,"alexsmobs:bison":1,"enemyexpansion:direwolf":2},"minecraft:crafted":{"minecraft:iron_axe":1,"minecraft:wheat":90,"minecraft:crafting_table":1,"minecraft:mangrove_planks":8,"minecraft:bread":31,"minecraft:air":0,"minecraft:jungle_planks":8,"minecraft:iron_chestplate":2,"minecraft:shield":1,"minecraft:stick":4,"minecraft:iron_ingot":24,"minecraft:iron_pickaxe":1,"minecraft:wooden_axe":1,"minecraft:torch":4},"minecraft:killed":{"enemyexpansion:direwolf":1,"takesapillage:clay_golem":1,"friendsandfoes:copper_golem":2,"luminousworld:firefly":1,"alexsmobs:guster":1,"minecraft:pig":2,"minecraft:iron_golem":1,"naturalist:catfish":1,"born_in_chaos_v1:corpse_fly":6,"alexsmobs:roadrunner":1,"minecraft:villager":1},"minecraft:used":{"minecraft:iron_shovel":10,"minecraft:shield":6,"minecraft:rotten_flesh":2,"minecraft:iron_chestplate":1,"minecraft:wooden_axe":22,"minecraft:iron_axe":39,"tombstone:gift":2,"minecraft:brown_bed":5,"minecraft:rabbit":1,"minecraft:sandstone":5,"minecraft:white_wool":10,"minecraft:sand":12,"minecraft:crafting_table":5,"minecraft:blast_furnace":1,"minecraft:mud":1,"minecraft:bread":22,"minecraft:iron_pickaxe":131,"minecraft:porkchop":4,"minecraft:pumpkin_pie":1,"alexsmobs:animal_dictionary":3},"minecraft:custom":{"minecraft:mob_kills":20,"minecraft:interact_with_crafting_table":7,"minecraft:leave_game":2,"minecraft:time_since_death":9093,"minecraft:climb_one_cm":16374,"minecraft:sprint_one_cm":258209,"minecraft:walk_one_cm":175813,"minecraft:damage_blocked_by_shield":120,"minecraft:drop":90,"minecraft:play_time":84175,"minecraft:deaths":6,"minecraft:sneak_time":1102,"minecraft:walk_under_water_one_cm":14938,"tombstone:tomb_raiding":1,"minecraft:jump":1491,"minecraft:interact_with_blast_furnace":6,"minecraft:walk_on_water_one_cm":27102,"minecraft:total_world_time":84175,"minecraft:sleep_in_bed":4,"minecraft:time_since_rest":8997,"minecraft:damage_taken":2720,"minecraft:damage_dealt":3551,"minecraft:swim_one_cm":183601,"minecraft:player_kills":1,"minecraft:fly_one_cm":270256,"minecraft:open_chest":28,"minecraft:crouch_one_cm":1597,"tombstone:villager_killed":1,"minecraft:interact_with_smoker":1,"minecraft:fall_one_cm":46731,"minecraft:horse_one_cm":2631}},"DataVersion":3465}