{"stats":{"minecraft:broken":{"minecraft:wooden_shovel":1,"minecraft:iron_chestplate":1,"minecraft:golden_shovel":2,"minecraft:iron_leggings":1,"minecraft:iron_sword":1,"minecraft:shield":1,"minecraft:iron_axe":1},"minecraft:picked_up":{"minecraft:iron_chestplate":5,"minecraft:birch_door":1,"minecraft:wheat":9,"tombstone:tablet_of_home":1,"minecraft:diamond_sword":4,"minecraft:brown_bed":10,"minecraft:enchanted_book":5,"tombstone:grave_key":2,"minecraft:string":4,"minecraft:dark_oak_trapdoor":1,"iceandfire:dragonbone_pickaxe":1,"minecraft:red_nether_bricks":4,"minecraft:iron_leggings":4,"minecraft:armor_stand":7,"minecraft:netherite_ingot":65,"minecraft:experience_bottle":1,"minecraft:gold_nugget":1,"earthmobsmod:duck_egg":1,"minecraft:spruce_planks":6,"minecraft:cobblestone_slab":1,"minecraft:calcite":12,"minecraft:iron_pickaxe":4,"iceandfire:dragonscales_red":38,"minecraft:mangrove_log":2,"ecologics:crab_claw":1,"minecraft:iron_boots":4,"minecraft:furnace":5,"minecraft:golden_helmet":1,"minecraft:stick":71,"minecraft:torch":4,"minecraft:spruce_stairs":3,"minecraft:porkchop":4,"tombstone:grave_dust":5,"minecraft:diorite":2,"minecraft:golden_chestplate":1,"luminousworld:grassflowers":3,"minecraft:honey_bottle":1,"minecraft:mangrove_stairs":2,"minecraft:rotten_flesh":26,"iceandfire:fire_dragon_heart":2,"minecraft:iron_block":1,"minecraft:mangrove_roots":2,"supplementaries:ash":1,"iceandfire:armor_green_helmet":1,"minecraft:obsidian":4,"minecraft:iron_bars":1,"minecraft:cobblestone":130,"minecraft:birch_log":1,"minecraft:magma_block":2,"minecraft:feather":6,"minecraft:birch_slab":1,"minecraft:andesite":7,"minecraft:jungle_log":2,"minecraft:smoker":2,"minecraft:flint":4,"luminousworld:purple_petunias":1,"undead_revamp2:huntereye":1,"minecraft:mangrove_slab":4,"minecraft:dirt":306,"minecraft:bone":33,"minecraft:acacia_planks":1,"minecraft:bow":2,"minecraft:wheat_seeds":33,"luminousworld:elephant_grass":2,"minecraft:dark_oak_sign":3,"minecraft:diamond_helmet":1,"minecraft:cooked_porkchop":3,"tombstone:scroll_of_feather_fall":1,"minecraft:sand":27,"minecraft:nether_brick_stairs":2,"minecraft:cyan_bed":1,"minecraft:dark_prismarine":6,"alexsmobs:guster_eye":1,"minecraft:diamond":42,"minecraft:soul_lantern":1,"alexsmobs:rattlesnake_rattle":1,"minecraft:granite":14,"minecraft:golden_apple":1,"minecraft:chainmail_helmet":2,"minecraft:emerald":17,"alexsmobs:maggot":2,"born_in_chaos_v1:rotten_fish":2,"iceandfire:raw_silver":2,"luminousworld:groundpebbles_1":2,"iceandfire:dragon_skull_lightning":2,"minecraft:charcoal":15,"minecraft:mud":1,"minecraft:crafting_table":5,"minecraft:allium":2,"minecraft:sandstone_slab":21,"minecraft:rabbit_stew":1,"alexsmobs:roadrunner_feather":1,"minecraft:iron_axe":1,"minecraft:item_frame":8,"minecraft:white_carpet":1,"minecraft:iron_shovel":3,"minecraft:birch_fence":4,"minecraft:cyan_carpet":5,"minecraft:netherite_sword":3,"minecraft:beef":1,"minecraft:cyan_wool":2,"minecraft:iron_nugget":2,"minecraft:poppy":14,"naturalist:catfish":1,"minecraft:sugar_cane":33,"iceandfire:dragonbone":43,"minecraft:raw_iron":25,"minecraft:sandstone":13,"minecraft:stripped_mangrove_wood":4,"minecraft:copper_ingot":7,"minecraft:stone_button":1,"minecraft:redstone":9,"minecraft:dark_oak_planks":2,"minecraft:arrow":32,"iceandfire:cyclops_eye":1,"minecraft:diamond_chestplate":2,"minecraft:beetroot_seeds":3,"minecraft:pumpkin_pie":2,"minecraft:nether_bricks":1,"minecraft:hay_block":17,"minecraft:mutton":18,"minecraft:white_wool":1,"born_in_chaos_v1:corpse_maggot":15,"born_in_chaos_v1:monster_flesh":1,"luminousworld:ishstone":10,"minecraft:leather":1,"minecraft:acacia_wood":2,"minecraft:birch_planks":8,"minecraft:oak_log":8,"minecraft:chainmail_chestplate":1,"iceandfire:ectoplasm":5,"enemyexpansion:scorpion_tail":1,"tombstone:gift":2,"minecraft:stone_bricks":1,"minecraft:gray_carpet":1,"minecraft:iron_ingot":21,"minecraft:glass_bottle":1,"minecraft:gray_bed":1,"minecraft:iron_sword":2,"minecraft:scaffolding":2,"iceandfire:dragonbone_sword":1,"iceandfire:ash":8,"born_in_chaos_v1:ethereal_spirit":2,"minecraft:gravel":21,"minecraft:blast_furnace":5,"iceandfire:dragonbone_axe":1,"minecraft:nether_brick_slab":1,"minecraft:slime_ball":1,"minecraft:iron_helmet":5,"minecraft:diamond_axe":1,"tombstone:magic_scroll":3,"minecraft:mangrove_propagule":1,"minecraft:coal":42,"minecraft:wooden_axe":1},"minecraft:used":{"minecraft:iron_shovel":86,"naturalist:cooked_catfish":1,"minecraft:shield":88,"minecraft:iron_sword":205,"minecraft:rotten_flesh":4,"minecraft:iron_chestplate":1,"minecraft:mutton":18,"minecraft:nether_bricks":1,"minecraft:carrot":7,"minecraft:honey_bottle":2,"iceandfire:armor_red_boots":1,"born_in_chaos_v1:corpse_maggot":1,"minecraft:bow":30,"minecraft:furnace":3,"minecraft:gray_bed":1,"minecraft:golden_boots":1,"minecraft:diamond_boots":3,"minecraft:sandstone":5,"iceandfire:armor_red_chestplate":1,"minecraft:diamond_axe":34,"minecraft:golden_apple":9,"minecraft:white_wool":10,"minecraft:sand":12,"minecraft:blast_furnace":3,"earthmobsmod:duck_egg":1,"iceandfire:dragonbone_sword":82,"minecraft:bread":116,"minecraft:cyan_bed":1,"minecraft:gravel":13,"minecraft:diamond_sword":47,"minecraft:experience_bottle":1,"minecraft:netherite_sword":436,"minecraft:flint_and_steel":36,"born_in_chaos_v1:ethereal_spirit":13,"minecraft:spruce_planks":1,"minecraft:wooden_shovel":60,"born_in_chaos_v1:fried_maggot":2,"minecraft:torch":4,"minecraft:dirt":304,"minecraft:anvil":1,"minecraft:golden_shovel":71,"minecraft:diamond_helmet":2,"minecraft:wooden_axe":22,"minecraft:iron_axe":348,"minecraft:iron_boots":3,"iceandfire:armor_red_leggings":1,"minecraft:diamond_chestplate":1,"minecraft:golden_carrot":2,"tombstone:gift":8,"iceandfire:dragonbone_pickaxe":1,"minecraft:acacia_planks":1,"minecraft:brown_bed":8,"minecraft:iron_leggings":5,"minecraft:calcite":4,"minecraft:water_bucket":72,"minecraft:rabbit":1,"minecraft:birch_planks":6,"minecraft:crafting_table":7,"minecraft:smoker":1,"tombstone:bag_of_seeds":2,"minecraft:oak_log":2,"minecraft:mud":1,"minecraft:iron_pickaxe":425,"iceandfire:ash":3,"minecraft:cobblestone":111,"minecraft:cooked_porkchop":5,"minecraft:porkchop":4,"minecraft:bucket":72,"minecraft:pumpkin_pie":6,"alexsmobs:animal_dictionary":3,"minecraft:splash_potion":1,"tombstone:scroll_of_unstable_intangibility":1},"minecraft:mined":{"luminousworld:white_petunias":1,"minecraft:spruce_planks":14,"iceandfire:graveyard_soil":1,"supplementaries:candle_holder":1,"minecraft:granite":14,"minecraft:grass_block":133,"minecraft:jungle_log":2,"minecraft:spawner":14,"luminousworld:savanna_grass_2":15,"minecraft:tall_seagrass":1,"minecraft:magma_block":2,"minecraft:iron_ore":24,"minecraft:fire":53,"minecraft:nether_brick_stairs":2,"minecraft:brown_bed":9,"minecraft:iron_bars":1,"minecraft:stripped_mangrove_wood":9,"minecraft:iron_block":1,"minecraft:player_head":1,"minecraft:waxed_cut_copper_stairs":1,"minecraft:sandstone_slab":5,"ecologics:pot":1,"minecraft:cyan_terracotta":3,"luminousworld:tall_deadbush":2,"minecraft:smoker":2,"minecraft:blast_furnace":5,"minecraft:calcite":13,"minecraft:poppy":1,"minecraft:dead_bush":2,"minecraft:nether_brick_slab":2,"minecraft:cobblestone":12,"minecraft:cyan_bed":2,"minecraft:sugar_cane":7,"minecraft:mud":2,"minecraft:wheat":9,"minecraft:grass":70,"minecraft:oak_log":5,"minecraft:dirt":125,"minecraft:sand":17,"luminousworld:grassvariant_3":9,"minecraft:mangrove_log":2,"minecraft:tripwire_hook":1,"minecraft:yellow_stained_glass":2,"luminousworld:savannah_grass_4":18,"minecraft:oak_leaves":2,"minecraft:deepslate":13,"luminousworld:savannah_ground":1,"minecraft:dark_prismarine":25,"luminousworld:groundpebbles_1":1,"iceandfire:silver_ore":1,"minecraft:mangrove_roots":3,"minecraft:nether_bricks":2,"minecraft:spruce_fence":1,"born_in_chaos_v1:black_argillite":1,"luminousworld:grassvariant_2":20,"minecraft:birch_slab":1,"minecraft:sandstone":13,"minecraft:mangrove_propagule":1,"minecraft:hay_block":16,"minecraft:redstone_ore":2,"minecraft:furnace":4,"luminousworld:yellow_grassflowers":1,"minecraft:acacia_stairs":1,"minecraft:acacia_wood":4,"minecraft:andesite":7,"minecraft:peony":5,"minecraft:polished_deepslate":1,"minecraft:bookshelf":1,"minecraft:cobblestone_slab":1,"minecraft:vine":1,"minecraft:smooth_quartz_stairs":2,"luminousworld:groundpebbles_2":1,"minecraft:stone":128,"minecraft:cake":1,"minecraft:scaffolding":1,"minecraft:mangrove_stairs":1,"minecraft:crafting_table":5,"luminousworld:savannah_grass_1":21,"minecraft:campfire":4,"luminousworld:grassflowers":3,"minecraft:tall_grass":13,"minecraft:diorite":6,"supplementaries:urn":2,"minecraft:spruce_stairs":3,"minecraft:birch_planks":2,"minecraft:gray_wool":2,"minecraft:gray_bed":1,"minecraft:mangrove_leaves":23,"minecraft:mangrove_slab":3,"minecraft:coal_ore":19,"minecraft:sunflower":2,"minecraft:gravel":28,"minecraft:gray_carpet":1,"minecraft:cobweb":3,"minecraft:acacia_planks":6,"minecraft:stripped_acacia_wood":3,"minecraft:polished_andesite":1,"luminousworld:elephant_grass":2,"minecraft:iron_trapdoor":2,"minecraft:birch_fence":5,"minecraft:dark_oak_planks":3},"minecraft:custom":{"minecraft:interact_with_crafting_table":50,"minecraft:open_barrel":14,"minecraft:eat_cake_slice":9,"minecraft:leave_game":4,"minecraft:time_since_death":4709,"minecraft:damage_resisted":824,"minecraft:sprint_one_cm":1173618,"minecraft:damage_blocked_by_shield":1785,"minecraft:drop":238,"minecraft:play_noteblock":1,"minecraft:play_time":457895,"minecraft:deaths":70,"tombstone:tomb_raiding":1,"minecraft:jump":7572,"minecraft:interact_with_brewingstand":1,"minecraft:walk_on_water_one_cm":91481,"minecraft:interact_with_furnace":6,"minecraft:sleep_in_bed":7,"minecraft:damage_dealt":30306,"minecraft:player_kills":1,"minecraft:crouch_one_cm":46173,"tombstone:undead_killed":59,"tombstone:villager_killed":2,"minecraft:interact_with_smoker":4,"minecraft:interact_with_smithing_table":4,"minecraft:horse_one_cm":2631,"minecraft:interact_with_anvil":19,"minecraft:mob_kills":138,"minecraft:damage_dealt_resisted":650,"minecraft:climb_one_cm":28954,"minecraft:walk_one_cm":935744,"minecraft:sneak_time":16245,"minecraft:walk_under_water_one_cm":88850,"minecraft:interact_with_blast_furnace":14,"minecraft:total_world_time":457895,"tombstone:raider_killed":4,"minecraft:time_since_rest":4551,"minecraft:damage_absorbed":362,"minecraft:damage_taken":31177,"tombstone:cast_on_ally":0,"minecraft:swim_one_cm":256518,"minecraft:fly_one_cm":1079550,"minecraft:open_chest":178,"minecraft:fall_one_cm":262226},"minecraft:dropped":{"minecraft:nether_brick_stairs":2,"iceandfire:raw_silver":1,"minecraft:stripped_mangrove_wood":3,"minecraft:oak_log":1,"minecraft:glass_bottle":3,"minecraft:diamond":4,"minecraft:sandstone_slab":21,"minecraft:leather":1,"minecraft:jungle_planks":1,"minecraft:birch_slab":1,"minecraft:emerald":20,"minecraft:item_frame":2,"minecraft:dirt":2,"minecraft:birch_fence":4,"alexsmobs:roadrunner_feather":1,"minecraft:stone_button":1,"minecraft:mangrove_stairs":2,"minecraft:gold_nugget":9,"iceandfire:ash":5,"minecraft:sand":10,"minecraft:iron_pickaxe":2,"minecraft:dark_oak_planks":1,"minecraft:white_wool":4,"minecraft:mangrove_slab":4,"minecraft:cyan_carpet":5,"minecraft:bone":32,"minecraft:sugar_cane":1,"minecraft:iron_nugget":2,"minecraft:golden_chestplate":2,"minecraft:netherite_sword":1,"minecraft:wheat":3,"minecraft:soul_lantern":2,"born_in_chaos_v1:ethereal_spirit":1,"minecraft:rotten_flesh":15,"minecraft:golden_shovel":1,"minecraft:rabbit_foot":1,"minecraft:poppy":14,"supplementaries:ash":2,"minecraft:beetroot_seeds":3,"born_in_chaos_v1:corpse_maggot":4,"minecraft:birch_door":1,"iceandfire:bestiary":1,"minecraft:red_nether_bricks":4,"minecraft:iron_bars":1,"minecraft:scaffolding":2,"minecraft:iron_ingot":1,"minecraft:enchanted_book":2,"tombstone:scroll_of_feather_fall":1,"minecraft:wheat_seeds":4,"luminousworld:ishstone":10,"tombstone:tablet_of_home":1,"minecraft:golden_horse_armor":1,"minecraft:mangrove_propagule":1,"minecraft:iron_helmet":3,"minecraft:feather":4,"minecraft:cobblestone":12,"enemyexpansion:scorpion_tail":1,"alexsmobs:rattlesnake_rattle":1,"iceandfire:dragon_stick":1,"minecraft:granite":14,"minecraft:copper_ingot":4,"minecraft:chainmail_helmet":1,"minecraft:spruce_stairs":2,"minecraft:stick":3,"minecraft:diorite":2,"tombstone:magic_scroll":2,"tombstone:grave_key":4,"minecraft:wooden_axe":2,"minecraft:rabbit":1,"minecraft:iron_leggings":1,"minecraft:iron_axe":1,"minecraft:iron_shovel":2,"minecraft:string":4,"minecraft:gray_carpet":1,"minecraft:redstone":1,"minecraft:nether_brick_slab":2,"alexsmobs:maggot":2,"minecraft:dark_oak_sign":3,"iceandfire:witherbone":14,"minecraft:raw_iron":1,"minecraft:white_carpet":1,"minecraft:iron_boots":3,"minecraft:diamond_sword":3,"minecraft:cobblestone_slab":1,"minecraft:hay_block":2,"minecraft:cyan_wool":2,"minecraft:allium":2,"minecraft:diamond_chestplate":1,"minecraft:spruce_planks":2,"minecraft:iron_chestplate":4,"luminousworld:groundpebbles_1":2,"minecraft:andesite":7,"minecraft:brown_bed":1,"minecraft:diamond_boots":1,"minecraft:sandstone":1,"luminousworld:elephant_grass":1,"iceandfire:fire_dragon_heart":1,"minecraft:dark_prismarine":6},"minecraft:crafted":{"naturalist:cooked_catfish":1,"minecraft:oak_planks":20,"minecraft:glass":5,"minecraft:golden_boots":1,"minecraft:glass_bottle":3,"minecraft:wooden_shovel":1,"minecraft:crafting_table":2,"iceandfire:armor_red_chestplate":1,"minecraft:birch_planks":4,"minecraft:iron_chestplate":2,"minecraft:shield":1,"minecraft:stick":8,"minecraft:iron_ingot":24,"minecraft:iron_pickaxe":1,"minecraft:iron_block":2,"iceandfire:dragon_stick":2,"minecraft:iron_axe":3,"born_in_chaos_v1:fried_maggot":6,"iceandfire:armor_red_leggings":1,"minecraft:diamond_boots":1,"iceandfire:armor_red_boots":1,"minecraft:wheat":135,"iceandfire:dragonscale_red":1,"minecraft:golden_shovel":2,"minecraft:mangrove_planks":8,"minecraft:bucket":1,"minecraft:bread":50,"minecraft:air":0,"minecraft:jungle_planks":8,"iceandfire:armor_red_helmet":1,"minecraft:wooden_axe":1,"minecraft:iron_leggings":1,"minecraft:anvil":1,"minecraft:torch":4,"minecraft:diamond_chestplate":1},"minecraft:killed":{"alexsmobs:hummingbird":1,"born_in_chaos_v1:pumpkin_spirit":1,"minecraft:spider":3,"undead_revamp2:thesmoker":1,"minecraft:zombie_horse":1,"minecraft:skeleton":14,"luminousworld:ringlet":1,"ecologics:coconut_crab":1,"minecraft:pig":2,"luminousworld:hollow":1,"minecraft:iron_golem":2,"luminousworld:savannah_skeleton":6,"minecraft:zombie":5,"born_in_chaos_v1:dread_hound":1,"born_in_chaos_v1:corpse_fly":10,"enemyexpansion:botfly":2,"alexsmobs:roadrunner":1,"bettermobs:capivara":1,"alexsmobs:fly":1,"takesapillage:archer":1,"naturalist:lion":1,"undead_revamp2:thehunter":1,"undead_revamp2:theimmortal":2,"minecraft:slime":2,"enemyexpansion:direwolf":6,"naturalist:tortoise":2,"born_in_chaos_v1:zombie_bruiser":1,"born_in_chaos_v1:maggot":13,"minecraft:phantom":3,"iceandfire:fire_dragon":1,"takesapillage:clay_golem":1,"friendsandfoes:mauler":1,"undead_revamp2:sucker":2,"luminousworld:savannah_zombie":2,"born_in_chaos_v1:barrel_zombie":1,"enemyexpansion:scorpion":2,"friendsandfoes:copper_golem":3,"luminousworld:firefly":1,"minecraft:husk":6,"alexsmobs:guster":2,"iceandfire:cyclops":1,"naturalist:butterfly":1,"undead_revamp2:the_moonflower":1,"earthmobsmod:cream_cow":1,"minecraft:hoglin":1,"undead_revamp2:thesomnolence":1,"naturalist:catfish":1,"iceandfire:ghost":4,"ecologics:squirrel":1,"alexsmobs:gazelle":1,"enemyexpansion:huntsman":1,"minecraft:wither_skeleton":6,"minecraft:villager":2},"minecraft:killed_by":{"minecraft:wither_skeleton":7,"iceandfire:cyclops":6,"iceandfire:sea_serpent":1,"enemyexpansion:sprinter":1,"enemyexpansion:scorpion":1,"minecraft:zombie":1,"undead_revamp2:theheavy":1,"iceandfire:fire_dragon":7,"minecraft:husk":11,"minecraft:player":1,"undead_revamp2:theswarmer":2,"alexsmobs:bison":1,"minecraft:slime":1,"born_in_chaos_v1:decaying_zombie":1,"minecraft:hoglin":4,"minecraft:skeleton":2,"iceandfire:lightning_dragon":1,"enemyexpansion:direwolf":2,"luminousworld:savannah_skeleton":1}},"DataVersion":3465}