{"stats":{"minecraft:killed":{"luminousworld:firefly":1,"minecraft:pig":2,"minecraft:iron_golem":1,"enemyexpansion:direwolf":1,"naturalist:catfish":1},"minecraft:killed_by":{"minecraft:player":1,"enemyexpansion:direwolf":2},"minecraft:custom":{"minecraft:mob_kills":7,"minecraft:interact_with_crafting_table":2,"minecraft:time_since_death":29913,"minecraft:sleep_in_bed":1,"minecraft:climb_one_cm":15684,"minecraft:time_since_rest":17958,"minecraft:sprint_one_cm":163950,"minecraft:damage_taken":1725,"minecraft:walk_one_cm":76871,"minecraft:drop":25,"minecraft:damage_dealt":2156,"minecraft:swim_one_cm":134070,"minecraft:fly_one_cm":156517,"minecraft:player_kills":1,"minecraft:open_chest":15,"minecraft:crouch_one_cm":161,"minecraft:play_time":43534,"minecraft:deaths":4,"minecraft:sneak_time":407,"minecraft:walk_under_water_one_cm":12991,"tombstone:tomb_raiding":1,"minecraft:jump":1062,"minecraft:walk_on_water_one_cm":25450,"minecraft:total_world_time":43534,"minecraft:interact_with_smoker":1,"minecraft:fall_one_cm":32156,"minecraft:horse_one_cm":2622},"minecraft:picked_up":{"minecraft:mud":1,"luminousworld:groundpebbles_1":1,"minecraft:crafting_table":1,"minecraft:birch_slab":1,"minecraft:jungle_log":2,"minecraft:brown_bed":4,"tombstone:grave_key":2,"minecraft:string":1,"minecraft:birch_fence":1,"minecraft:bone":1,"minecraft:gold_nugget":1,"minecraft:iron_ingot":3,"minecraft:iron_nugget":1,"minecraft:poppy":1,"naturalist:catfish":1,"minecraft:sugar_cane":17,"minecraft:mangrove_log":2,"minecraft:stick":4,"minecraft:porkchop":4,"minecraft:sand":10,"minecraft:arrow":2,"minecraft:rotten_flesh":2,"alexsmobs:rattlesnake_rattle":1,"minecraft:hay_block":10,"minecraft:mangrove_roots":2,"supplementaries:ash":1,"minecraft:mangrove_propagule":1},"minecraft:used":{"minecraft:rabbit":1,"minecraft:rotten_flesh":1,"minecraft:sand":12,"minecraft:mud":1,"minecraft:bread":11,"minecraft:porkchop":4,"tombstone:gift":2,"alexsmobs:animal_dictionary":3,"minecraft:brown_bed":4},"minecraft:mined":{"iceandfire:graveyard_soil":1,"minecraft:mangrove_roots":3,"minecraft:crafting_table":1,"minecraft:poppy":1,"minecraft:jungle_log":2,"minecraft:tall_grass":3,"minecraft:birch_slab":1,"minecraft:sugar_cane":7,"minecraft:mangrove_propagule":1,"minecraft:hay_block":10,"minecraft:tall_seagrass":1,"minecraft:mud":1,"minecraft:mangrove_leaves":23,"minecraft:brown_bed":4,"minecraft:grass":10,"minecraft:sand":5,"minecraft:mangrove_log":2,"luminousworld:groundpebbles_2":1,"minecraft:birch_fence":1},"minecraft:dropped":{"minecraft:sugar_cane":1,"minecraft:golden_horse_armor":1,"minecraft:mangrove_propagule":1,"minecraft:golden_shovel":1,"minecraft:rabbit_foot":1,"supplementaries:ash":1,"tombstone:grave_key":3,"minecraft:rabbit":1,"minecraft:gold_nugget":9,"minecraft:sand":6}},"DataVersion":3465}