{"stats":{"minecraft:picked_up":{"minecraft:wooden_axe":1,"minecraft:mud":1,"luminousworld:groundpebbles_1":2,"minecraft:charcoal":15,"minecraft:crafting_table":5,"minecraft:iron_chestplate":5,"minecraft:wheat":1,"minecraft:allium":2,"minecraft:sandstone_slab":1,"minecraft:diamond_sword":1,"alexsmobs:roadrunner_feather":1,"minecraft:brown_bed":8,"tombstone:grave_key":2,"minecraft:string":4,"minecraft:iron_leggings":4,"minecraft:birch_fence":3,"minecraft:item_frame":6,"minecraft:armor_stand":7,"minecraft:white_carpet":1,"minecraft:iron_shovel":2,"minecraft:experience_bottle":1,"minecraft:gold_nugget":1,"minecraft:poppy":5,"minecraft:iron_nugget":2,"minecraft:iron_pickaxe":2,"naturalist:catfish":1,"minecraft:sugar_cane":33,"minecraft:mangrove_log":2,"minecraft:iron_boots":4,"minecraft:furnace":4,"minecraft:stick":6,"minecraft:raw_iron":25,"minecraft:sandstone":12,"minecraft:copper_ingot":5,"minecraft:torch":4,"minecraft:spruce_stairs":1,"minecraft:porkchop":4,"tombstone:grave_dust":2,"minecraft:redstone":9,"minecraft:arrow":3,"minecraft:rotten_flesh":6,"minecraft:pumpkin_pie":1,"minecraft:hay_block":17,"minecraft:mangrove_roots":2,"supplementaries:ash":1,"minecraft:obsidian":4,"minecraft:mutton":16,"minecraft:cobblestone":43,"born_in_chaos_v1:corpse_maggot":8,"minecraft:feather":6,"minecraft:birch_slab":1,"minecraft:andesite":7,"minecraft:jungle_log":2,"minecraft:smoker":2,"minecraft:bone":1,"minecraft:bow":1,"minecraft:wheat_seeds":3,"minecraft:iron_ingot":9,"minecraft:gray_bed":1,"minecraft:scaffolding":2,"minecraft:sand":18,"minecraft:blast_furnace":3,"alexsmobs:rattlesnake_rattle":1,"minecraft:iron_helmet":3,"minecraft:granite":14,"minecraft:chainmail_helmet":2,"minecraft:mangrove_propagule":1,"minecraft:coal":19,"iceandfire:raw_silver":2},"minecraft:dropped":{"minecraft:iron_ingot":1,"iceandfire:raw_silver":1,"minecraft:wheat_seeds":2,"minecraft:golden_horse_armor":1,"minecraft:sandstone_slab":1,"minecraft:iron_helmet":2,"minecraft:mangrove_propagule":1,"minecraft:feather":4,"alexsmobs:rattlesnake_rattle":1,"minecraft:granite":14,"minecraft:jungle_planks":1,"minecraft:spruce_stairs":1,"minecraft:chainmail_helmet":1,"minecraft:birch_slab":1,"minecraft:item_frame":2,"minecraft:stick":3,"minecraft:birch_fence":3,"alexsmobs:roadrunner_feather":1,"tombstone:grave_key":4,"minecraft:wooden_axe":2,"minecraft:rabbit":1,"minecraft:gold_nugget":9,"minecraft:sand":6,"minecraft:iron_pickaxe":1,"minecraft:iron_shovel":1,"minecraft:string":4,"minecraft:white_wool":3,"minecraft:redstone":1,"minecraft:sugar_cane":1,"minecraft:iron_nugget":2,"minecraft:wheat":1,"minecraft:white_carpet":1,"minecraft:rotten_flesh":4,"minecraft:iron_boots":1,"minecraft:golden_shovel":1,"minecraft:rabbit_foot":1,"minecraft:diamond_sword":1,"minecraft:poppy":5,"supplementaries:ash":1,"minecraft:hay_block":2,"minecraft:allium":2,"minecraft:iron_chestplate":3,"luminousworld:groundpebbles_1":2,"minecraft:andesite":7,"iceandfire:bestiary":1,"minecraft:scaffolding":2},"minecraft:mined":{"iceandfire:graveyard_soil":1,"iceandfire:silver_ore":1,"minecraft:mangrove_roots":3,"minecraft:granite":14,"born_in_chaos_v1:black_argillite":1,"minecraft:jungle_log":2,"minecraft:birch_slab":1,"minecraft:mangrove_propagule":1,"minecraft:sandstone":12,"minecraft:hay_block":16,"minecraft:tall_seagrass":1,"minecraft:redstone_ore":2,"minecraft:furnace":3,"minecraft:iron_ore":24,"minecraft:fire":6,"minecraft:andesite":7,"minecraft:brown_bed":8,"luminousworld:groundpebbles_2":1,"minecraft:stone":43,"minecraft:sandstone_slab":1,"minecraft:scaffolding":1,"ecologics:pot":1,"minecraft:smoker":2,"minecraft:crafting_table":5,"minecraft:blast_furnace":3,"minecraft:poppy":1,"minecraft:campfire":4,"minecraft:tall_grass":3,"minecraft:sugar_cane":7,"minecraft:diorite":2,"minecraft:spruce_stairs":1,"minecraft:mud":1,"minecraft:gray_bed":1,"minecraft:mangrove_leaves":23,"minecraft:grass":10,"minecraft:sand":9,"minecraft:mangrove_log":2,"minecraft:oak_leaves":1,"minecraft:birch_fence":1,"minecraft:deepslate":13},"minecraft:killed_by":{"minecraft:player":1,"alexsmobs:bison":1,"enemyexpansion:direwolf":2,"undead_revamp2:theheavy":1},"minecraft:killed":{"undead_revamp2:theimmortal":1,"enemyexpansion:direwolf":1,"born_in_chaos_v1:maggot":2,"takesapillage:clay_golem":1,"friendsandfoes:copper_golem":2,"luminousworld:firefly":1,"alexsmobs:guster":1,"minecraft:pig":2,"minecraft:iron_golem":1,"minecraft:zombie":2,"naturalist:catfish":1,"born_in_chaos_v1:corpse_fly":6,"alexsmobs:roadrunner":1,"minecraft:villager":1},"minecraft:crafted":{"naturalist:cooked_catfish":1,"minecraft:iron_axe":1,"born_in_chaos_v1:fried_maggot":6,"minecraft:wheat":90,"minecraft:crafting_table":1,"minecraft:mangrove_planks":8,"minecraft:bread":31,"minecraft:air":0,"minecraft:jungle_planks":8,"minecraft:iron_chestplate":2,"minecraft:shield":1,"minecraft:stick":4,"minecraft:iron_ingot":24,"minecraft:iron_pickaxe":1,"minecraft:wooden_axe":1,"minecraft:torch":4},"minecraft:used":{"minecraft:iron_shovel":10,"minecraft:shield":6,"born_in_chaos_v1:fried_maggot":2,"minecraft:rotten_flesh":2,"minecraft:torch":4,"minecraft:iron_chestplate":1,"minecraft:wooden_axe":22,"minecraft:iron_axe":62,"minecraft:bow":1,"minecraft:gray_bed":1,"tombstone:gift":2,"minecraft:brown_bed":7,"minecraft:rabbit":1,"minecraft:sandstone":5,"minecraft:white_wool":10,"minecraft:sand":12,"minecraft:crafting_table":5,"minecraft:blast_furnace":1,"minecraft:smoker":1,"minecraft:mud":1,"minecraft:bread":29,"minecraft:iron_pickaxe":145,"minecraft:porkchop":4,"minecraft:pumpkin_pie":1,"alexsmobs:animal_dictionary":3},"minecraft:custom":{"minecraft:mob_kills":25,"minecraft:interact_with_crafting_table":7,"minecraft:damage_dealt_resisted":14,"minecraft:leave_game":2,"minecraft:time_since_death":559,"minecraft:climb_one_cm":16374,"minecraft:sprint_one_cm":294514,"minecraft:walk_one_cm":216575,"minecraft:damage_blocked_by_shield":120,"minecraft:drop":105,"minecraft:play_time":96175,"minecraft:deaths":8,"minecraft:sneak_time":1146,"minecraft:walk_under_water_one_cm":18899,"tombstone:tomb_raiding":1,"minecraft:jump":1716,"minecraft:interact_with_blast_furnace":6,"minecraft:walk_on_water_one_cm":29070,"minecraft:total_world_time":96175,"minecraft:sleep_in_bed":6,"minecraft:time_since_rest":1,"minecraft:damage_taken":3513,"minecraft:damage_dealt":4532,"minecraft:swim_one_cm":194052,"minecraft:player_kills":1,"minecraft:fly_one_cm":317068,"minecraft:open_chest":28,"minecraft:crouch_one_cm":1597,"tombstone:undead_killed":3,"tombstone:villager_killed":1,"minecraft:interact_with_smoker":4,"minecraft:fall_one_cm":52541,"minecraft:horse_one_cm":2631}},"DataVersion":3465}