{"stats":{"minecraft:dropped":{"minecraft:iron_ingot":1,"minecraft:sugar_cane":1,"minecraft:iron_nugget":2,"minecraft:golden_horse_armor":1,"minecraft:sandstone_slab":1,"minecraft:mangrove_propagule":1,"minecraft:feather":4,"minecraft:rotten_flesh":3,"minecraft:iron_boots":1,"alexsmobs:rattlesnake_rattle":1,"minecraft:granite":14,"minecraft:jungle_planks":1,"minecraft:golden_shovel":1,"minecraft:chainmail_helmet":1,"minecraft:rabbit_foot":1,"minecraft:birch_slab":1,"minecraft:diamond_sword":1,"minecraft:stick":3,"minecraft:poppy":5,"supplementaries:ash":1,"minecraft:hay_block":2,"minecraft:birch_fence":3,"alexsmobs:roadrunner_feather":1,"minecraft:allium":2,"tombstone:grave_key":3,"minecraft:andesite":7,"luminousworld:groundpebbles_1":2,"minecraft:wooden_axe":2,"minecraft:rabbit":1,"minecraft:gold_nugget":9,"minecraft:sand":6,"minecraft:iron_pickaxe":1,"minecraft:iron_shovel":1,"minecraft:string":4,"minecraft:white_wool":3,"minecraft:redstone":1},"minecraft:killed":{"luminousworld:firefly":1,"alexsmobs:guster":1,"minecraft:pig":2,"minecraft:iron_golem":1,"enemyexpansion:direwolf":1,"naturalist:catfish":1,"takesapillage:clay_golem":1,"born_in_chaos_v1:corpse_fly":6,"alexsmobs:roadrunner":1,"minecraft:villager":1},"minecraft:crafted":{"minecraft:crafting_table":1,"minecraft:mangrove_planks":8,"minecraft:air":0,"minecraft:bread":31,"minecraft:jungle_planks":8,"minecraft:shield":1,"minecraft:iron_axe":1,"minecraft:stick":4,"minecraft:iron_ingot":24,"minecraft:iron_pickaxe":1,"minecraft:wooden_axe":1,"minecraft:wheat":90},"minecraft:picked_up":{"minecraft:wooden_axe":1,"born_in_chaos_v1:corpse_maggot":7,"minecraft:mud":1,"luminousworld:groundpebbles_1":2,"minecraft:crafting_table":4,"minecraft:allium":2,"minecraft:sandstone_slab":1,"minecraft:feather":6,"minecraft:birch_slab":1,"minecraft:andesite":7,"minecraft:jungle_log":2,"minecraft:diamond_sword":1,"alexsmobs:roadrunner_feather":1,"minecraft:brown_bed":5,"tombstone:grave_key":2,"minecraft:string":4,"minecraft:iron_leggings":2,"minecraft:armor_stand":5,"minecraft:iron_shovel":2,"minecraft:bone":1,"minecraft:birch_fence":3,"minecraft:gold_nugget":1,"minecraft:iron_ingot":9,"minecraft:iron_nugget":2,"minecraft:poppy":5,"minecraft:iron_pickaxe":1,"naturalist:catfish":1,"minecraft:sugar_cane":17,"minecraft:mangrove_log":2,"minecraft:iron_boots":2,"minecraft:furnace":2,"minecraft:stick":6,"minecraft:raw_iron":24,"minecraft:sandstone":12,"minecraft:porkchop":4,"minecraft:sand":18,"minecraft:blast_furnace":2,"minecraft:redstone":9,"minecraft:arrow":2,"minecraft:rotten_flesh":5,"minecraft:hay_block":17,"alexsmobs:rattlesnake_rattle":1,"minecraft:granite":14,"minecraft:chainmail_helmet":2,"minecraft:mangrove_roots":2,"supplementaries:ash":1,"iceandfire:raw_silver":1,"minecraft:coal":2,"minecraft:mangrove_propagule":1,"minecraft:cobblestone":41},"minecraft:used":{"minecraft:iron_shovel":10,"minecraft:rabbit":1,"minecraft:shield":6,"minecraft:sandstone":5,"minecraft:rotten_flesh":2,"minecraft:white_wool":10,"minecraft:sand":12,"minecraft:crafting_table":4,"minecraft:blast_furnace":1,"minecraft:wooden_axe":22,"minecraft:mud":1,"minecraft:iron_axe":32,"minecraft:bread":21,"minecraft:iron_pickaxe":125,"minecraft:porkchop":4,"tombstone:gift":2,"alexsmobs:animal_dictionary":3,"minecraft:brown_bed":5},"minecraft:mined":{"minecraft:sandstone_slab":1,"iceandfire:silver_ore":1,"iceandfire:graveyard_soil":1,"ecologics:pot":1,"minecraft:mangrove_roots":3,"minecraft:crafting_table":4,"minecraft:granite":14,"minecraft:blast_furnace":2,"minecraft:poppy":1,"born_in_chaos_v1:black_argillite":1,"minecraft:jungle_log":2,"minecraft:tall_grass":3,"minecraft:birch_slab":1,"minecraft:sandstone":12,"minecraft:sugar_cane":7,"minecraft:diorite":2,"minecraft:mangrove_propagule":1,"minecraft:hay_block":16,"minecraft:tall_seagrass":1,"minecraft:redstone_ore":2,"minecraft:furnace":3,"minecraft:mud":1,"minecraft:iron_ore":24,"minecraft:andesite":7,"minecraft:mangrove_leaves":23,"minecraft:brown_bed":5,"minecraft:grass":10,"minecraft:sand":9,"minecraft:mangrove_log":2,"luminousworld:groundpebbles_2":1,"minecraft:stone":41,"minecraft:deepslate":13,"minecraft:birch_fence":1},"minecraft:killed_by":{"minecraft:player":1,"enemyexpansion:direwolf":2},"minecraft:custom":{"minecraft:mob_kills":18,"minecraft:interact_with_crafting_table":6,"minecraft:leave_game":1,"minecraft:time_since_death":55800,"minecraft:climb_one_cm":16374,"minecraft:sleep_in_bed":4,"minecraft:time_since_rest":9240,"minecraft:sprint_one_cm":199950,"minecraft:damage_taken":2060,"minecraft:walk_one_cm":136319,"minecraft:damage_blocked_by_shield":120,"minecraft:drop":88,"minecraft:damage_dealt":3071,"minecraft:swim_one_cm":134070,"minecraft:player_kills":1,"minecraft:fly_one_cm":235232,"minecraft:open_chest":24,"minecraft:crouch_one_cm":1425,"minecraft:play_time":69421,"minecraft:deaths":4,"minecraft:sneak_time":1061,"minecraft:walk_under_water_one_cm":12991,"tombstone:tomb_raiding":1,"tombstone:villager_killed":1,"minecraft:jump":1271,"minecraft:interact_with_blast_furnace":6,"minecraft:walk_on_water_one_cm":25450,"minecraft:total_world_time":69421,"minecraft:interact_with_smoker":1,"minecraft:fall_one_cm":39541,"minecraft:horse_one_cm":2631}},"DataVersion":3465}