{"stats":{"minecraft:broken":{"minecraft:iron_shovel":1,"minecraft:iron_boots":1,"minecraft:golden_chestplate":1,"minecraft:golden_hoe":1,"aether:iron_gloves":1},"minecraft:picked_up":{"minecraft:birch_door":7,"minecraft:iron_chestplate":5,"minecraft:wheat":21,"minecraft:chainmail_boots":1,"tombstone:tablet_of_home":3,"minecraft:diamond_sword":2,"aether:iron_gloves":1,"minecraft:enchanted_book":3,"minecraft:golden_shovel":1,"tombstone:grave_key":1,"minecraft:string":7,"minecraft:dark_oak_trapdoor":2,"minecraft:raw_copper":28,"minecraft:red_nether_bricks":4,"minecraft:iron_leggings":3,"minecraft:armor_stand":2,"minecraft:gold_nugget":10,"minecraft:spruce_planks":1,"minecraft:rose_bush":1,"minecraft:calcite":53,"minecraft:iron_pickaxe":4,"minecraft:smooth_quartz_stairs":1,"minecraft:iron_boots":3,"minecraft:stick":1,"born_in_chaos_v1:shattered_skull":1,"minecraft:spruce_stairs":1,"luminousworld:savannah_soil":54,"minecraft:porkchop":2,"iceandfire:lightning_dragon_flesh":2,"tombstone:grave_dust":12,"minecraft:diorite":26,"minecraft:rabbit_foot":3,"minecraft:brown_carpet":1,"minecraft:waxed_cut_copper_stairs":2,"undead_revamp2:cloogerribs":37,"luminousworld:grassflowers":3,"born_in_chaos_v1:fried_maggot":1,"minecraft:rotten_flesh":85,"minecraft:honey_bottle":1,"luminousworld:yellow_grassflowers":2,"minecraft:tropical_fish":6,"iceandfire:fire_dragon_heart":1,"minecraft:cyan_terracotta":2,"luminousworld:tall_deadbush":1,"supplementaries:ash":15,"iceandfire:armor_green_helmet":2,"minecraft:blaze_powder":5,"minecraft:cobblestone":46,"minecraft:magma_block":2,"minecraft:feather":2,"minecraft:andesite":2,"minecraft:wither_skeleton_skull":1,"minecraft:mangrove_slab":1,"minecraft:dirt":280,"born_in_chaos_v1:marigolds":6,"minecraft:bone":56,"undead_revamp2:blacpetalblock":1,"minecraft:bow":1,"minecraft:wheat_seeds":59,"luminousworld:elephant_grass":1,"minecraft:dark_oak_sign":1,"minecraft:cyan_candle":3,"minecraft:rabbit":4,"iceandfire:dragonscales_amythest":17,"minecraft:cooked_porkchop":5,"minecraft:stripped_acacia_wood":1,"tombstone:scroll_of_feather_fall":2,"iceandfire:dragon_skull_fire":3,"minecraft:sand":94,"minecraft:nether_brick_stairs":2,"minecraft:acacia_stairs":1,"minecraft:cyan_bed":1,"iceandfire:lightning_dragon_heart":1,"minecraft:chiseled_sandstone":2,"minecraft:red_terracotta":1,"alexsmobs:animal_dictionary":1,"minecraft:dark_prismarine":7,"minecraft:bundle":3,"minecraft:iron_hoe":1,"born_in_chaos_v1:fire_dust":1,"minecraft:diamond":4,"minecraft:soul_lantern":3,"quark:red_shard":5,"minecraft:granite":1,"minecraft:emerald":10,"minecraft:golden_horse_armor":1,"minecraft:chainmail_helmet":2,"alexsmobs:maggot":2,"minecraft:oak_sapling":1,"iceandfire:raw_silver":4,"luminousworld:groundpebbles_1":15,"iceandfire:dragon_skull_lightning":2,"minecraft:allium":1,"minecraft:sandstone_slab":5,"iceandfire:witherbone":26,"minecraft:chicken":1,"born_in_chaos_v1:river_mint":2,"minecraft:clay_ball":6,"minecraft:stone_stairs":1,"minecraft:iron_axe":2,"minecraft:item_frame":1,"minecraft:white_carpet":1,"minecraft:birch_fence":15,"minecraft:cyan_carpet":6,"iceandfire:bestiary":1,"minecraft:netherite_sword":3,"minecraft:cyan_wool":3,"minecraft:poppy":2,"minecraft:spruce_slab":2,"iceandfire:dragonbone":17,"minecraft:sandstone":8,"minecraft:stripped_mangrove_wood":5,"iceandfire:dragonscales_green":11,"luminousworld:blue_petunias":4,"minecraft:stone_button":6,"minecraft:mangrove_sign":3,"minecraft:carrot":4,"minecraft:dark_oak_planks":6,"minecraft:arrow":16,"minecraft:diamond_boots":2,"tombstone:essence_of_undeath":1,"minecraft:mutton":10,"minecraft:white_wool":2,"minecraft:stripped_oak_log":4,"born_in_chaos_v1:corpse_maggot":4,"born_in_chaos_v1:monster_flesh":1,"luminousworld:ishstone":9,"minecraft:leather":55,"minecraft:acacia_wood":2,"minecraft:oak_log":43,"minecraft:golden_boots":1,"minecraft:gunpowder":2,"enemyexpansion:scorpion_tail":1,"tombstone:gift":1,"minecraft:red_nether_brick_stairs":1,"minecraft:gray_carpet":2,"iceandfire:dragon_stick":1,"minecraft:rabbit_hide":3,"minecraft:iron_ingot":257,"minecraft:glass_bottle":1,"iceandfire:fire_dragon_flesh":2,"minecraft:dark_oak_stairs":1,"minecraft:book":4,"iceandfire:ash":9,"minecraft:dandelion":1,"minecraft:gravel":1,"minecraft:blast_furnace":1,"minecraft:nether_brick_slab":1,"minecraft:dark_oak_fence_gate":1,"luminousworld:whiteoaklog":17,"undead_revamp2:rawbostrox":2,"minecraft:slime_ball":13,"minecraft:iron_helmet":4,"minecraft:diamond_axe":1,"minecraft:painting":1,"minecraft:red_nether_brick_slab":1,"tombstone:magic_scroll":3,"minecraft:mangrove_propagule":1,"minecraft:coal":32,"minecraft:ender_pearl":3},"minecraft:used":{"minecraft:beetroot":10,"minecraft:iron_shovel":233,"minecraft:shield":7,"minecraft:obsidian":3,"supplementaries:ash":2,"minecraft:diorite":5,"minecraft:oak_planks":2,"minecraft:diamond_axe":50,"minecraft:golden_apple":8,"minecraft:golden_hoe":20,"minecraft:sand":20,"minecraft:blast_furnace":1,"iceandfire:dragonbone_sword":3,"minecraft:bread":91,"minecraft:diamond_sword":580,"iceandfire:dragon_skull_fire":1,"born_in_chaos_v1:river_mint":2,"minecraft:andesite":2,"minecraft:experience_bottle":4,"minecraft:stripped_acacia_wood":1,"minecraft:netherite_sword":323,"minecraft:dragon_egg":1,"minecraft:dirt":36,"minecraft:golden_shovel":17,"minecraft:iron_axe":36,"minecraft:netherite_pickaxe":8,"tombstone:gift":10,"minecraft:calcite":35,"iceandfire:dragon_skull_lightning":1,"quark:mangrove_chest":2,"minecraft:crafting_table":2,"minecraft:dark_prismarine":6,"minecraft:apple":4,"minecraft:iron_pickaxe":183,"minecraft:cobblestone":42,"quark:oak_chest":10,"alexsmobs:animal_dictionary":6},"minecraft:mined":{"minecraft:farmland":13,"minecraft:granite":1,"minecraft:grass_block":126,"minecraft:spawner":6,"minecraft:dark_oak_trapdoor":3,"minecraft:red_nether_brick_stairs":1,"minecraft:iron_ore":1,"minecraft:nether_brick_stairs":1,"minecraft:dirt_path":58,"minecraft:stripped_mangrove_wood":3,"minecraft:waxed_cut_copper_stairs":1,"minecraft:soul_lantern":2,"minecraft:torch":1,"minecraft:calcite":48,"minecraft:cobblestone":18,"minecraft:wheat":17,"minecraft:grass":23,"minecraft:oak_log":30,"minecraft:sand":33,"minecraft:dirt":10,"luminousworld:grassvariant_3":4,"minecraft:oak_leaves":7,"minecraft:cyan_candle":1,"iceandfire:silver_ore":3,"luminousworld:grassvariant_4":1,"minecraft:red_stained_glass":2,"luminousworld:grassvariant_2":1,"minecraft:carrots":1,"minecraft:chiseled_sandstone":2,"minecraft:vine":2,"minecraft:stripped_oak_log":4,"minecraft:stone":29,"minecraft:acacia_leaves":1,"minecraft:dandelion":1,"luminousworld:grassflowers":1,"minecraft:tall_grass":2,"minecraft:copper_ore":10,"minecraft:diorite":25,"luminousworld:whiteoaklog":17,"iceandfire:ash":2,"minecraft:coal_ore":27,"minecraft:gravel":1,"minecraft:sunflower":1,"minecraft:cyan_carpet":3,"minecraft:cobweb":4,"minecraft:birch_fence":16},"minecraft:custom":{"minecraft:interact_with_crafting_table":57,"minecraft:open_barrel":4,"minecraft:eat_cake_slice":6,"minecraft:leave_game":7,"minecraft:time_since_death":28878,"minecraft:damage_resisted":123,"minecraft:sprint_one_cm":646511,"minecraft:damage_blocked_by_shield":105,"minecraft:drop":52,"minecraft:play_noteblock":1,"minecraft:talked_to_villager":3,"minecraft:play_time":460913,"minecraft:deaths":48,"minecraft:jump":4734,"minecraft:walk_on_water_one_cm":90675,"minecraft:interact_with_cartography_table":1,"minecraft:interact_with_loom":1,"minecraft:sleep_in_bed":6,"minecraft:damage_dealt":51122,"minecraft:player_kills":1,"minecraft:crouch_one_cm":3676,"tombstone:undead_killed":116,"minecraft:interact_with_smoker":6,"minecraft:horse_one_cm":6980,"minecraft:mob_kills":156,"minecraft:interact_with_anvil":13,"minecraft:damage_dealt_resisted":2776,"minecraft:climb_one_cm":12794,"minecraft:walk_one_cm":1354568,"minecraft:sneak_time":1180,"minecraft:walk_under_water_one_cm":85583,"minecraft:interact_with_blast_furnace":6,"minecraft:total_world_time":460913,"tombstone:raider_killed":7,"minecraft:tune_noteblock":14,"minecraft:interact_with_stonecutter":2,"minecraft:time_since_rest":28601,"minecraft:damage_taken":18199,"minecraft:damage_absorbed":280,"minecraft:swim_one_cm":42663,"minecraft:fly_one_cm":727936,"minecraft:open_chest":292,"minecraft:fall_one_cm":93536},"minecraft:dropped":{"iceandfire:raw_silver":1,"minecraft:diamond_axe":1,"minecraft:diamond":42,"minecraft:dirt":139,"minecraft:iron_pickaxe":2,"iceandfire:dragonbone_pickaxe":1,"minecraft:netherite_sword":3,"iceandfire:dragonbone_axe":1,"minecraft:dark_oak_fence_gate":1,"minecraft:chainmail_boots":1,"undead_revamp2:rawbostrox":2,"iceandfire:dragonbone_sword":1,"minecraft:enchanted_book":4,"tombstone:scroll_of_feather_fall":2,"minecraft:iron_ingot":320,"tombstone:tablet_of_home":3,"minecraft:cobblestone":2,"minecraft:chainmail_helmet":1,"minecraft:stick":64,"tombstone:magic_scroll":2,"minecraft:iron_shovel":1,"minecraft:netherite_ingot":65,"minecraft:experience_bottle":12,"iceandfire:armor_green_helmet":3,"minecraft:diamond_sword":4,"minecraft:diamond_chestplate":1,"minecraft:spruce_planks":1,"minecraft:diamond_boots":1},"minecraft:crafted":{"iceandfire:dragonbone_axe":2,"minecraft:oak_planks":206,"iceandfire:armor_amythest_chestplate":1,"iceandfire:armor_amythest_leggings":1,"minecraft:diamond_helmet":1,"minecraft:diamond_leggings":1,"iceandfire:armor_green_helmet":2,"aether:diamond_gloves":1,"minecraft:diamond_axe":1,"minecraft:crafting_table":2,"minecraft:shield":1,"minecraft:stick":134,"quark:oak_chest":10,"quark:mangrove_chest":2,"minecraft:iron_axe":1,"born_in_chaos_v1:fried_maggot":1,"minecraft:diamond_boots":1,"iceandfire:dragonbone_sword":3,"minecraft:diamond_sword":2,"minecraft:mangrove_planks":16,"iceandfire:dragonbone_pickaxe":2,"minecraft:acacia_planks":8,"minecraft:diamond_chestplate":2},"minecraft:killed":{"naturalist:rattlesnake":1,"alexsmobs:hummingbird":1,"earthmobsmod:jumbo_rabbit":1,"minecraft:spider":1,"enemyexpansion:equestrian":1,"undead_revamp2:clogger":1,"minecraft:skeleton":12,"undead_revamp2:deadclogger":1,"minecraft:tropical_fish":5,"born_in_chaos_v1:firelight_not_despawn":1,"luminousworld:hollow":1,"minecraft:iron_golem":1,"undead_revamp2:theheavy":1,"born_in_chaos_v1:zombie_fisherman":1,"luminousworld:savannah_skeleton":4,"minecraft:zombie":13,"born_in_chaos_v1:corpse_fly":2,"enemyexpansion:botfly":4,"alexsmobs:fly":1,"bettermobs:capivara":1,"naturalist:lion":1,"undead_revamp2:thehunter":2,"undead_revamp2:theimmortal":5,"undead_revamp2:bomber":1,"enemyexpansion:direwolf":1,"born_in_chaos_v1:maggot":5,"iceandfire:fire_dragon":1,"luminousworld:savannah_zombie":6,"born_in_chaos_v1:spirit_guide":1,"minecraft:husk":39,"alexsmobs:guster":1,"born_in_chaos_v1:spirit_guide_assistant":2,"undead_revamp2:the_moonflower":1,"minecraft:rabbit":2,"minecraft:frog":1,"born_in_chaos_v1:decrepit_skeleton":1,"undead_revamp2:thesomnolence":1,"alexsmobs:caiman":1,"minecraft:wither_skeleton":22,"enemyexpansion:slugger":1},"minecraft:killed_by":{"minecraft:wither_skeleton":3,"iceandfire:cyclops":4,"born_in_chaos_v1:zombie_bruiser":1,"iceandfire:sea_serpent":1,"undead_revamp2:clogger":1,"minecraft:zombie":2,"undead_revamp2:theheavy":1,"iceandfire:fire_dragon":2,"minecraft:husk":10,"minecraft:player":2,"iceandfire:deathworm":1,"undead_revamp2:theswarmer":1,"undead_revamp2:therod":2,"minecraft:hoglin":1,"iceandfire:lightning_dragon":3,"born_in_chaos_v1:door_knight":2,"luminousworld:savannah_skeleton":1}},"DataVersion":3465}