{"stats":{"minecraft:killed":{"earthmobsmod:jumbo_rabbit":1,"alexsmobs:caiman":1,"minecraft:rabbit":2,"alexsmobs:fly":1,"minecraft:frog":1,"born_in_chaos_v1:firelight_not_despawn":1,"minecraft:tropical_fish":5},"minecraft:killed_by":{"minecraft:player":1,"born_in_chaos_v1:door_knight":2},"minecraft:custom":{"minecraft:time_since_rest":1839,"minecraft:sprint_one_cm":154038,"minecraft:damage_taken":1445,"minecraft:walk_one_cm":205133,"minecraft:mob_kills":13,"minecraft:damage_dealt":1249,"minecraft:swim_one_cm":19798,"minecraft:interact_with_crafting_table":4,"minecraft:fly_one_cm":186938,"minecraft:player_kills":1,"minecraft:open_chest":31,"minecraft:crouch_one_cm":601,"minecraft:play_time":51849,"minecraft:deaths":4,"minecraft:sneak_time":318,"minecraft:walk_under_water_one_cm":25613,"minecraft:damage_dealt_resisted":510,"minecraft:jump":1069,"minecraft:total_world_time":51849,"minecraft:leave_game":3,"minecraft:time_since_death":2238,"minecraft:walk_on_water_one_cm":26303,"minecraft:sleep_in_bed":1,"minecraft:climb_one_cm":3310,"minecraft:interact_with_smoker":1,"minecraft:fall_one_cm":19291,"minecraft:horse_one_cm":6944},"minecraft:picked_up":{"minecraft:stripped_oak_log":1,"minecraft:allium":1,"minecraft:clay_ball":3,"minecraft:golden_shovel":1,"minecraft:sand":32,"minecraft:diorite":24,"minecraft:chiseled_sandstone":2,"minecraft:rabbit_foot":3,"born_in_chaos_v1:fire_dust":1,"minecraft:birch_fence":1,"minecraft:bone":2,"minecraft:tropical_fish":5,"minecraft:gold_nugget":9,"minecraft:rabbit_hide":3,"alexsmobs:maggot":2,"minecraft:granite":1,"minecraft:golden_horse_armor":1,"minecraft:rabbit":4,"minecraft:mangrove_propagule":1,"iceandfire:raw_silver":1,"minecraft:cobblestone":4},"minecraft:used":{"minecraft:diorite":5,"minecraft:iron_shovel":20,"minecraft:bread":11,"minecraft:iron_pickaxe":36,"minecraft:diamond_sword":28,"minecraft:golden_hoe":12,"minecraft:sand":20,"tombstone:gift":2,"alexsmobs:animal_dictionary":6,"minecraft:golden_shovel":17,"minecraft:obsidian":3},"minecraft:mined":{"iceandfire:silver_ore":1,"minecraft:chiseled_sandstone":2,"minecraft:granite":1,"minecraft:grass":1,"minecraft:vine":2,"minecraft:sand":33,"minecraft:stripped_oak_log":1,"minecraft:stone":4,"minecraft:diorite":24,"minecraft:oak_leaves":2,"minecraft:birch_fence":1},"minecraft:crafted":{"minecraft:diamond_sword":1}},"DataVersion":3465}