{"stats":{"minecraft:killed":{"minecraft:rabbit":2,"minecraft:frog":1},"minecraft:killed_by":{"minecraft:player":1},"minecraft:custom":{"minecraft:time_since_rest":6142,"minecraft:open_chest":5,"minecraft:crouch_one_cm":111,"minecraft:sprint_one_cm":87667,"minecraft:play_time":27849,"minecraft:deaths":2,"minecraft:damage_taken":457,"minecraft:walk_one_cm":117878,"minecraft:sneak_time":194,"minecraft:walk_under_water_one_cm":17169,"minecraft:mob_kills":3,"minecraft:jump":684,"minecraft:damage_dealt":334,"minecraft:leave_game":3,"minecraft:walk_on_water_one_cm":20092,"minecraft:time_since_death":6520,"minecraft:climb_one_cm":880,"minecraft:total_world_time":27849,"minecraft:player_kills":1,"minecraft:swim_one_cm":12466,"minecraft:fall_one_cm":13282,"minecraft:fly_one_cm":128449},"minecraft:picked_up":{"minecraft:bone":2,"minecraft:gold_nugget":9,"minecraft:golden_shovel":1,"minecraft:sand":12,"minecraft:golden_horse_armor":1,"minecraft:rabbit":3,"minecraft:mangrove_propagule":1,"minecraft:rabbit_foot":2},"minecraft:used":{"minecraft:golden_hoe":12,"minecraft:bread":1,"tombstone:gift":2,"alexsmobs:animal_dictionary":6,"minecraft:golden_shovel":17,"minecraft:obsidian":3},"minecraft:mined":{"minecraft:grass":1,"minecraft:sand":13}},"DataVersion":3465}