{"stats":{"minecraft:picked_up":{"minecraft:stripped_oak_log":1,"minecraft:iron_chestplate":3,"minecraft:wheat":2,"minecraft:allium":1,"minecraft:sandstone_slab":1,"minecraft:clay_ball":6,"minecraft:andesite":2,"minecraft:diamond_sword":1,"minecraft:golden_shovel":1,"minecraft:raw_copper":28,"minecraft:iron_leggings":3,"minecraft:armor_stand":2,"minecraft:white_carpet":1,"minecraft:bone":5,"minecraft:birch_fence":2,"iceandfire:bestiary":1,"minecraft:wheat_seeds":3,"minecraft:gold_nugget":10,"minecraft:rabbit_hide":3,"minecraft:poppy":2,"minecraft:iron_pickaxe":2,"minecraft:rabbit":4,"minecraft:iron_boots":3,"minecraft:book":1,"minecraft:stick":1,"minecraft:sandstone":7,"minecraft:spruce_stairs":1,"minecraft:sand":43,"tombstone:grave_dust":1,"minecraft:blast_furnace":1,"minecraft:diorite":24,"alexsmobs:animal_dictionary":1,"minecraft:chiseled_sandstone":2,"minecraft:rabbit_foot":3,"minecraft:rotten_flesh":5,"minecraft:arrow":4,"born_in_chaos_v1:fire_dust":1,"minecraft:tropical_fish":5,"minecraft:iron_helmet":3,"minecraft:emerald":6,"minecraft:granite":1,"minecraft:chainmail_helmet":2,"minecraft:golden_horse_armor":1,"alexsmobs:maggot":2,"tombstone:magic_scroll":1,"minecraft:oak_sapling":1,"minecraft:mangrove_propagule":1,"minecraft:coal":19,"iceandfire:raw_silver":3,"minecraft:cobblestone":39},"minecraft:dropped":{"minecraft:cobblestone":2,"minecraft:diamond_sword":1,"minecraft:iron_pickaxe":2,"minecraft:iron_shovel":1},"minecraft:mined":{"iceandfire:silver_ore":3,"luminousworld:grassvariant_4":1,"minecraft:torch":1,"minecraft:granite":1,"minecraft:cobblestone":13,"minecraft:copper_ore":10,"minecraft:diorite":24,"minecraft:iron_ore":1,"minecraft:chiseled_sandstone":2,"minecraft:grass":3,"minecraft:coal_ore":19,"minecraft:vine":2,"minecraft:sand":33,"minecraft:stripped_oak_log":1,"minecraft:stone":25,"minecraft:oak_leaves":5,"minecraft:birch_fence":2},"minecraft:killed_by":{"minecraft:player":2,"minecraft:zombie":1,"undead_revamp2:theheavy":1,"born_in_chaos_v1:door_knight":2,"iceandfire:fire_dragon":1},"minecraft:crafted":{"minecraft:diamond_sword":1,"minecraft:iron_axe":1,"born_in_chaos_v1:fried_maggot":1},"minecraft:killed":{"alexsmobs:guster":1,"earthmobsmod:jumbo_rabbit":1,"undead_revamp2:theimmortal":2,"minecraft:rabbit":2,"minecraft:iron_golem":1,"undead_revamp2:theheavy":1,"minecraft:frog":1,"minecraft:skeleton":1,"alexsmobs:caiman":1,"alexsmobs:fly":1,"minecraft:tropical_fish":5,"born_in_chaos_v1:firelight_not_despawn":1},"minecraft:used":{"minecraft:diorite":5,"minecraft:iron_shovel":20,"minecraft:golden_hoe":16,"minecraft:sand":20,"minecraft:blast_furnace":1,"minecraft:golden_shovel":17,"minecraft:obsidian":3,"minecraft:bread":31,"minecraft:iron_pickaxe":104,"minecraft:diamond_sword":106,"minecraft:cobblestone":21,"minecraft:andesite":2,"alexsmobs:animal_dictionary":6,"tombstone:gift":2},"minecraft:custom":{"minecraft:mob_kills":19,"minecraft:interact_with_crafting_table":7,"minecraft:interact_with_cartography_table":1,"minecraft:open_barrel":1,"minecraft:interact_with_loom":1,"minecraft:damage_dealt_resisted":925,"minecraft:interact_with_stonecutter":1,"minecraft:leave_game":5,"minecraft:time_since_death":99,"minecraft:sleep_in_bed":4,"minecraft:climb_one_cm":5384,"minecraft:time_since_rest":1,"minecraft:sprint_one_cm":313340,"minecraft:damage_taken":3686,"minecraft:walk_one_cm":430227,"minecraft:drop":6,"minecraft:damage_dealt":4684,"minecraft:swim_one_cm":26912,"minecraft:talked_to_villager":3,"minecraft:player_kills":1,"minecraft:fly_one_cm":428319,"minecraft:open_chest":54,"minecraft:crouch_one_cm":739,"minecraft:play_time":110551,"tombstone:undead_killed":4,"minecraft:deaths":10,"minecraft:sneak_time":336,"minecraft:walk_under_water_one_cm":57246,"minecraft:jump":1994,"minecraft:interact_with_blast_furnace":3,"minecraft:walk_on_water_one_cm":51386,"minecraft:interact_with_smoker":4,"minecraft:total_world_time":110551,"minecraft:fall_one_cm":42549,"minecraft:horse_one_cm":6980}},"DataVersion":3465}