{"stats":{"minecraft:picked_up":{"minecraft:stripped_oak_log":1,"minecraft:iron_chestplate":1,"minecraft:wheat":1,"minecraft:allium":1,"minecraft:sandstone_slab":1,"minecraft:clay_ball":6,"minecraft:andesite":2,"minecraft:diamond_sword":1,"minecraft:golden_shovel":1,"minecraft:raw_copper":17,"minecraft:iron_leggings":2,"minecraft:armor_stand":2,"minecraft:bone":2,"minecraft:birch_fence":2,"minecraft:wheat_seeds":1,"minecraft:gold_nugget":9,"minecraft:rabbit_hide":3,"minecraft:poppy":2,"minecraft:iron_pickaxe":2,"minecraft:rabbit":4,"minecraft:iron_boots":2,"minecraft:sand":32,"minecraft:diorite":24,"minecraft:chiseled_sandstone":2,"minecraft:rabbit_foot":3,"minecraft:arrow":2,"born_in_chaos_v1:fire_dust":1,"minecraft:tropical_fish":5,"minecraft:iron_helmet":2,"minecraft:granite":1,"minecraft:chainmail_helmet":1,"minecraft:golden_horse_armor":1,"alexsmobs:maggot":2,"minecraft:oak_sapling":1,"minecraft:mangrove_propagule":1,"minecraft:coal":19,"iceandfire:raw_silver":2,"minecraft:cobblestone":27},"minecraft:dropped":{"minecraft:cobblestone":2,"minecraft:diamond_sword":1,"minecraft:iron_pickaxe":2,"minecraft:iron_shovel":1},"minecraft:mined":{"iceandfire:silver_ore":2,"luminousworld:grassvariant_4":1,"minecraft:granite":1,"minecraft:copper_ore":7,"minecraft:diorite":24,"minecraft:chiseled_sandstone":2,"minecraft:grass":1,"minecraft:coal_ore":19,"minecraft:vine":2,"minecraft:sand":33,"minecraft:stripped_oak_log":1,"minecraft:stone":25,"minecraft:oak_leaves":5,"minecraft:birch_fence":2},"minecraft:killed_by":{"minecraft:player":1,"born_in_chaos_v1:door_knight":2,"iceandfire:fire_dragon":1},"minecraft:crafted":{"minecraft:diamond_sword":1,"minecraft:iron_axe":1},"minecraft:killed":{"alexsmobs:guster":1,"earthmobsmod:jumbo_rabbit":1,"minecraft:rabbit":2,"minecraft:iron_golem":1,"minecraft:frog":1,"minecraft:skeleton":1,"alexsmobs:caiman":1,"alexsmobs:fly":1,"minecraft:tropical_fish":5,"born_in_chaos_v1:firelight_not_despawn":1},"minecraft:used":{"minecraft:diorite":5,"minecraft:iron_shovel":20,"minecraft:golden_hoe":16,"minecraft:sand":20,"minecraft:golden_shovel":17,"minecraft:obsidian":3,"minecraft:bread":27,"minecraft:iron_pickaxe":86,"minecraft:diamond_sword":58,"minecraft:cobblestone":8,"minecraft:andesite":2,"alexsmobs:animal_dictionary":6,"tombstone:gift":2},"minecraft:custom":{"minecraft:mob_kills":16,"minecraft:interact_with_crafting_table":7,"minecraft:interact_with_cartography_table":1,"minecraft:open_barrel":1,"minecraft:interact_with_loom":1,"minecraft:damage_dealt_resisted":510,"minecraft:interact_with_stonecutter":1,"minecraft:leave_game":5,"minecraft:time_since_death":11300,"minecraft:sleep_in_bed":3,"minecraft:climb_one_cm":5384,"minecraft:time_since_rest":10565,"minecraft:sprint_one_cm":301793,"minecraft:damage_taken":2568,"minecraft:walk_one_cm":370382,"minecraft:drop":6,"minecraft:damage_dealt":2601,"minecraft:swim_one_cm":26912,"minecraft:talked_to_villager":3,"minecraft:player_kills":1,"minecraft:fly_one_cm":401925,"minecraft:open_chest":54,"minecraft:crouch_one_cm":739,"minecraft:play_time":98551,"tombstone:undead_killed":1,"minecraft:deaths":6,"minecraft:sneak_time":336,"minecraft:walk_under_water_one_cm":55682,"minecraft:jump":1779,"minecraft:interact_with_blast_furnace":2,"minecraft:walk_on_water_one_cm":48428,"minecraft:interact_with_smoker":3,"minecraft:total_world_time":98551,"minecraft:fall_one_cm":36346,"minecraft:horse_one_cm":6980}},"DataVersion":3465}