{"stats":{"minecraft:dropped":{"minecraft:diamond_sword":1,"minecraft:iron_pickaxe":2,"minecraft:iron_shovel":1},"minecraft:killed":{"alexsmobs:guster":1,"earthmobsmod:jumbo_rabbit":1,"minecraft:rabbit":2,"minecraft:iron_golem":1,"minecraft:frog":1,"minecraft:skeleton":1,"alexsmobs:caiman":1,"alexsmobs:fly":1,"minecraft:tropical_fish":5,"born_in_chaos_v1:firelight_not_despawn":1},"minecraft:crafted":{"minecraft:diamond_sword":1,"minecraft:iron_axe":1},"minecraft:picked_up":{"minecraft:stripped_oak_log":1,"minecraft:allium":1,"minecraft:clay_ball":6,"minecraft:diamond_sword":1,"minecraft:golden_shovel":1,"minecraft:raw_copper":17,"minecraft:birch_fence":2,"minecraft:bone":2,"minecraft:gold_nugget":9,"minecraft:rabbit_hide":3,"minecraft:poppy":2,"minecraft:iron_pickaxe":2,"minecraft:rabbit":4,"minecraft:sand":32,"minecraft:diorite":24,"minecraft:chiseled_sandstone":2,"minecraft:rabbit_foot":3,"minecraft:arrow":2,"born_in_chaos_v1:fire_dust":1,"minecraft:tropical_fish":5,"minecraft:granite":1,"minecraft:golden_horse_armor":1,"alexsmobs:maggot":2,"minecraft:coal":19,"minecraft:mangrove_propagule":1,"iceandfire:raw_silver":2,"minecraft:cobblestone":5},"minecraft:used":{"minecraft:diorite":5,"minecraft:iron_shovel":20,"minecraft:golden_hoe":13,"minecraft:sand":20,"minecraft:golden_shovel":17,"minecraft:obsidian":3,"minecraft:bread":21,"minecraft:iron_pickaxe":64,"minecraft:diamond_sword":51,"tombstone:gift":2,"alexsmobs:animal_dictionary":6},"minecraft:mined":{"iceandfire:silver_ore":2,"minecraft:granite":1,"minecraft:copper_ore":7,"minecraft:diorite":24,"minecraft:chiseled_sandstone":2,"minecraft:grass":1,"minecraft:coal_ore":19,"minecraft:vine":2,"minecraft:sand":33,"minecraft:stripped_oak_log":1,"minecraft:stone":5,"minecraft:oak_leaves":3,"minecraft:birch_fence":2},"minecraft:killed_by":{"minecraft:player":1,"born_in_chaos_v1:door_knight":2},"minecraft:custom":{"minecraft:mob_kills":16,"minecraft:interact_with_crafting_table":5,"minecraft:open_barrel":1,"minecraft:interact_with_loom":1,"minecraft:damage_dealt_resisted":510,"minecraft:interact_with_stonecutter":1,"minecraft:leave_game":4,"minecraft:time_since_death":33927,"minecraft:sleep_in_bed":3,"minecraft:climb_one_cm":4611,"minecraft:time_since_rest":9240,"minecraft:sprint_one_cm":228610,"minecraft:damage_taken":2008,"minecraft:walk_one_cm":306120,"minecraft:drop":4,"minecraft:damage_dealt":2561,"minecraft:swim_one_cm":23951,"minecraft:talked_to_villager":2,"minecraft:fly_one_cm":351751,"minecraft:player_kills":1,"minecraft:open_chest":51,"minecraft:crouch_one_cm":739,"minecraft:play_time":83538,"tombstone:undead_killed":1,"minecraft:deaths":4,"minecraft:sneak_time":318,"minecraft:walk_under_water_one_cm":50935,"minecraft:jump":1443,"minecraft:interact_with_blast_furnace":2,"minecraft:walk_on_water_one_cm":39932,"minecraft:interact_with_smoker":3,"minecraft:total_world_time":83538,"minecraft:fall_one_cm":30372,"minecraft:horse_one_cm":6980}},"DataVersion":3465}