{"stats":{"minecraft:broken":{"minecraft:iron_shovel":1,"minecraft:iron_boots":1,"minecraft:golden_chestplate":1,"minecraft:golden_hoe":1,"aether:iron_gloves":1,"minecraft:netherite_boots":1},"minecraft:picked_up":{"minecraft:birch_door":7,"minecraft:iron_chestplate":5,"minecraft:wheat":21,"minecraft:chainmail_boots":1,"illagerinvasion:platinum_chunk":3,"minecraft:creeper_head":1,"tombstone:tablet_of_home":3,"minecraft:diamond_sword":2,"aether:iron_gloves":1,"minecraft:enchanted_book":4,"minecraft:golden_shovel":1,"tombstone:grave_key":1,"minecraft:string":11,"minecraft:dark_oak_trapdoor":8,"minecraft:raw_copper":28,"minecraft:red_nether_bricks":4,"minecraft:iron_leggings":3,"minecraft:armor_stand":2,"minecraft:gold_nugget":10,"minecraft:cobbled_deepslate":4,"minecraft:spruce_planks":1,"minecraft:rose_bush":1,"minecraft:calcite":53,"minecraft:iron_pickaxe":4,"minecraft:smooth_quartz_stairs":1,"minecraft:iron_boots":3,"minecraft:stick":1,"born_in_chaos_v1:shattered_skull":1,"minecraft:torch":2,"minecraft:spruce_stairs":1,"quark:yellow_corundum_cluster":2,"luminousworld:savannah_soil":54,"minecraft:porkchop":2,"iceandfire:lightning_dragon_flesh":2,"tombstone:grave_dust":12,"minecraft:diorite":26,"minecraft:rabbit_foot":4,"minecraft:brown_carpet":1,"minecraft:waxed_cut_copper_stairs":2,"undead_revamp2:cloogerribs":37,"luminousworld:grassflowers":5,"born_in_chaos_v1:fried_maggot":1,"minecraft:cactus":2,"minecraft:rotten_flesh":105,"minecraft:honey_bottle":1,"luminousworld:yellow_grassflowers":2,"minecraft:tropical_fish":6,"quark:mangrove_chest":1,"iceandfire:fire_dragon_heart":1,"minecraft:cyan_terracotta":2,"minecraft:mangrove_roots":3,"luminousworld:tall_deadbush":1,"supplementaries:ash":16,"iceandfire:armor_green_helmet":2,"minecraft:obsidian":1,"minecraft:blaze_powder":5,"minecraft:cobblestone":59,"minecraft:magma_block":2,"minecraft:feather":7,"minecraft:andesite":11,"minecraft:wither_skeleton_skull":1,"minecraft:mangrove_slab":1,"minecraft:dirt":353,"born_in_chaos_v1:monster_skin":2,"born_in_chaos_v1:marigolds":6,"minecraft:bone":64,"undead_revamp2:blacpetalblock":1,"minecraft:bow":1,"minecraft:wheat_seeds":63,"minecraft:raw_gold":10,"luminousworld:elephant_grass":1,"minecraft:dark_oak_sign":1,"minecraft:rabbit":4,"minecraft:cyan_candle":3,"minecraft:oak_planks":30,"iceandfire:dragonscales_amythest":17,"minecraft:cooked_porkchop":5,"alexsmobs:shark_tooth":1,"minecraft:stripped_acacia_wood":1,"tombstone:scroll_of_feather_fall":2,"iceandfire:dragon_skull_fire":3,"minecraft:sand":94,"minecraft:nether_brick_stairs":2,"iceandfire:lightning_dragon_heart":1,"minecraft:cyan_bed":1,"minecraft:acacia_stairs":1,"minecraft:chiseled_sandstone":2,"minecraft:red_terracotta":1,"alexsmobs:animal_dictionary":1,"minecraft:dark_prismarine":7,"minecraft:bundle":3,"minecraft:iron_hoe":1,"born_in_chaos_v1:fire_dust":1,"minecraft:diamond":4,"iceandfire:fire_dragon_blood":3,"minecraft:soul_lantern":3,"quark:red_shard":5,"minecraft:granite":1,"minecraft:emerald":10,"minecraft:chainmail_helmet":2,"minecraft:golden_horse_armor":1,"minecraft:bread":1,"alexsmobs:maggot":2,"minecraft:oak_sapling":2,"iceandfire:raw_silver":4,"iceandfire:dragon_skull_lightning":2,"minecraft:lingering_potion":1,"luminousworld:groundpebbles_1":15,"minecraft:allium":1,"minecraft:sandstone_slab":5,"minecraft:chicken":1,"iceandfire:witherbone":26,"born_in_chaos_v1:river_mint":2,"minecraft:clay_ball":6,"born_in_chaos_v1:seedof_chaos":2,"minecraft:moss_carpet":1,"minecraft:stone_stairs":1,"minecraft:iron_axe":3,"minecraft:item_frame":1,"minecraft:white_carpet":1,"minecraft:birch_fence":15,"takesapillage:ravager_horn":2,"minecraft:cyan_carpet":6,"iceandfire:bestiary":1,"minecraft:netherite_sword":3,"minecraft:cyan_wool":3,"minecraft:poppy":2,"minecraft:spruce_slab":2,"iceandfire:dragonbone":17,"minecraft:sandstone":8,"minecraft:stripped_mangrove_wood":5,"iceandfire:dragonscales_green":11,"quark:green_corundum_cluster":1,"luminousworld:blue_petunias":4,"minecraft:glow_item_frame":4,"minecraft:stone_button":6,"minecraft:cookie":5,"minecraft:mangrove_sign":3,"minecraft:carrot":4,"minecraft:dark_oak_planks":28,"quark:yellow_corundum":2,"minecraft:arrow":16,"minecraft:diamond_boots":2,"minecraft:stripped_dark_oak_wood":5,"tombstone:essence_of_undeath":4,"minecraft:mutton":10,"minecraft:white_wool":2,"minecraft:stripped_oak_log":4,"born_in_chaos_v1:corpse_maggot":12,"born_in_chaos_v1:monster_flesh":1,"luminousworld:ishstone":9,"minecraft:leather":55,"minecraft:acacia_wood":2,"minecraft:filled_map":1,"minecraft:oak_log":44,"iceandfire:ectoplasm":2,"minecraft:golden_boots":1,"minecraft:gunpowder":4,"enemyexpansion:scorpion_tail":1,"minecraft:paper":7,"minecraft:white_banner":2,"tombstone:gift":1,"minecraft:red_carpet":2,"minecraft:red_nether_brick_stairs":1,"minecraft:gray_carpet":10,"iceandfire:dragon_stick":1,"minecraft:rabbit_hide":5,"minecraft:iron_ingot":257,"minecraft:glass_bottle":8,"luminousworld:white_petunias":1,"iceandfire:fire_dragon_flesh":2,"minecraft:dark_oak_stairs":4,"minecraft:book":67,"minecraft:scaffolding":2,"iceandfire:ash":9,"born_in_chaos_v1:ethereal_spirit":1,"minecraft:dandelion":1,"minecraft:gravel":15,"minecraft:birch_stairs":1,"minecraft:amethyst_shard":2,"minecraft:mud_brick_wall":4,"minecraft:blast_furnace":1,"iceandfire:dragonbone_axe":1,"minecraft:nether_brick_slab":1,"minecraft:crying_obsidian":1,"minecraft:dark_oak_fence_gate":1,"minecraft:spider_eye":1,"luminousworld:whiteoaklog":17,"undead_revamp2:rawbostrox":2,"minecraft:slime_ball":13,"minecraft:iron_helmet":4,"minecraft:diamond_axe":2,"minecraft:painting":1,"minecraft:red_nether_brick_slab":1,"minecraft:melon_seeds":1,"tombstone:magic_scroll":3,"minecraft:mangrove_propagule":1,"minecraft:coal":46,"minecraft:ender_pearl":3},"minecraft:used":{"minecraft:beetroot":10,"minecraft:iron_shovel":233,"minecraft:shield":7,"minecraft:carrot":3,"iceandfire:dragonbone_axe":56,"minecraft:obsidian":4,"undead_revamp2:cloogerribs":12,"supplementaries:ash":2,"minecraft:diorite":5,"minecraft:oak_planks":11,"minecraft:diamond_axe":50,"minecraft:golden_apple":8,"minecraft:golden_hoe":20,"minecraft:sand":20,"minecraft:blast_furnace":1,"minecraft:lingering_potion":1,"iceandfire:dragonbone_sword":261,"minecraft:bread":124,"minecraft:gravel":6,"minecraft:diamond_sword":580,"iceandfire:dragon_skull_fire":1,"born_in_chaos_v1:river_mint":2,"minecraft:andesite":2,"minecraft:experience_bottle":4,"minecraft:stripped_acacia_wood":1,"minecraft:netherite_sword":323,"minecraft:torch":44,"minecraft:dragon_egg":1,"minecraft:dirt":109,"minecraft:golden_shovel":17,"minecraft:iron_axe":38,"minecraft:netherite_pickaxe":8,"tombstone:gift":12,"iceandfire:dragonbone_pickaxe":19,"minecraft:calcite":35,"iceandfire:dragon_skull_lightning":1,"quark:mangrove_chest":2,"minecraft:crafting_table":2,"minecraft:dark_prismarine":6,"minecraft:diamond_pickaxe":9,"minecraft:apple":4,"minecraft:diamond_shovel":84,"iceandfire:dragonbone_sword_fire":42,"minecraft:iron_pickaxe":183,"minecraft:cobblestone":50,"quark:oak_chest":10,"alexsmobs:animal_dictionary":6},"minecraft:mined":{"luminousworld:white_petunias":1,"minecraft:farmland":13,"minecraft:obsidian":1,"minecraft:granite":1,"minecraft:grass_block":184,"quark:green_corundum_cluster":1,"quark:yellow_corundum":2,"minecraft:mud_bricks":1,"minecraft:spawner":8,"minecraft:dark_oak_trapdoor":3,"minecraft:red_nether_brick_stairs":1,"minecraft:iron_ore":1,"minecraft:fire":2,"minecraft:nether_brick_stairs":1,"minecraft:dirt_path":58,"minecraft:stripped_mangrove_wood":3,"minecraft:waxed_cut_copper_stairs":1,"minecraft:amethyst_cluster":1,"minecraft:soul_lantern":2,"minecraft:torch":2,"minecraft:note_block":1,"minecraft:calcite":48,"minecraft:cobblestone":18,"minecraft:wheat":17,"minecraft:grass":53,"minecraft:oak_log":30,"minecraft:sand":33,"minecraft:dirt":33,"luminousworld:grassvariant_3":7,"minecraft:oak_leaves":10,"minecraft:cyan_candle":1,"minecraft:crying_obsidian":1,"iceandfire:silver_ore":3,"luminousworld:grassvariant_4":1,"minecraft:red_stained_glass":2,"minecraft:mangrove_roots":4,"luminousworld:grassvariant_2":11,"minecraft:carrots":1,"minecraft:chiseled_sandstone":2,"minecraft:polished_deepslate":1,"minecraft:bookshelf":45,"minecraft:vine":3,"minecraft:stripped_oak_log":4,"minecraft:stone":40,"minecraft:birch_stairs":1,"minecraft:acacia_leaves":1,"minecraft:dandelion":1,"minecraft:campfire":1,"luminousworld:grassflowers":2,"minecraft:copper_ore":10,"minecraft:tall_grass":3,"minecraft:diorite":25,"luminousworld:whiteoaklog":17,"quark:green_corundum":1,"iceandfire:ash":2,"minecraft:coal_ore":27,"minecraft:sunflower":1,"minecraft:gravel":1,"minecraft:cyan_carpet":3,"minecraft:cobweb":5,"minecraft:acacia_planks":2,"minecraft:stripped_acacia_wood":2,"minecraft:waxed_exposed_cut_copper":1,"minecraft:iron_trapdoor":2,"minecraft:birch_fence":16},"minecraft:custom":{"minecraft:interact_with_crafting_table":67,"minecraft:open_barrel":5,"minecraft:eat_cake_slice":6,"minecraft:leave_game":11,"minecraft:time_since_death":25776,"minecraft:damage_resisted":123,"minecraft:sprint_one_cm":906586,"minecraft:damage_blocked_by_shield":105,"minecraft:drop":63,"minecraft:play_noteblock":5,"minecraft:talked_to_villager":5,"minecraft:play_time":576756,"minecraft:deaths":65,"minecraft:jump":7247,"minecraft:walk_on_water_one_cm":117351,"minecraft:interact_with_cartography_table":1,"minecraft:interact_with_loom":1,"minecraft:sleep_in_bed":6,"minecraft:damage_dealt":67730,"minecraft:player_kills":1,"minecraft:crouch_one_cm":9285,"tombstone:undead_killed":149,"minecraft:interact_with_smoker":6,"minecraft:horse_one_cm":6980,"minecraft:interact_with_anvil":15,"minecraft:mob_kills":222,"minecraft:damage_dealt_resisted":2971,"minecraft:climb_one_cm":14980,"minecraft:walk_one_cm":1799065,"minecraft:sneak_time":3328,"minecraft:walk_under_water_one_cm":101596,"minecraft:interact_with_blast_furnace":6,"minecraft:total_world_time":576756,"tombstone:raider_killed":13,"minecraft:tune_noteblock":17,"minecraft:interact_with_stonecutter":2,"minecraft:time_since_rest":25553,"minecraft:damage_taken":26645,"minecraft:damage_absorbed":280,"minecraft:swim_one_cm":89983,"minecraft:fly_one_cm":1159618,"minecraft:open_chest":393,"minecraft:fall_one_cm":184672},"minecraft:dropped":{"iceandfire:raw_silver":1,"minecraft:diamond_axe":1,"minecraft:diamond":42,"minecraft:dirt":139,"minecraft:dark_oak_trapdoor":3,"minecraft:sand":4,"minecraft:iron_pickaxe":2,"iceandfire:dragonbone_pickaxe":1,"minecraft:netherite_sword":3,"minecraft:rotten_flesh":6,"minecraft:oak_planks":50,"minecraft:diamond_shovel":1,"iceandfire:dragonbone_axe":1,"minecraft:dark_oak_fence_gate":1,"minecraft:chainmail_boots":1,"undead_revamp2:rawbostrox":2,"minecraft:iron_ingot":320,"iceandfire:dragonbone_sword":1,"minecraft:enchanted_book":4,"tombstone:scroll_of_feather_fall":2,"tombstone:tablet_of_home":3,"minecraft:cobblestone":2,"minecraft:chainmail_helmet":1,"minecraft:stick":64,"tombstone:magic_scroll":2,"minecraft:white_banner":1,"minecraft:iron_shovel":1,"minecraft:string":1,"minecraft:netherite_ingot":65,"minecraft:experience_bottle":12,"iceandfire:armor_green_helmet":3,"minecraft:diamond_sword":4,"minecraft:diamond_chestplate":1,"minecraft:spruce_planks":1,"minecraft:diamond_boots":1},"minecraft:crafted":{"minecraft:oak_planks":210,"iceandfire:dragonbone_axe":2,"iceandfire:armor_amythest_chestplate":1,"iceandfire:armor_amythest_leggings":1,"minecraft:diamond_shovel":2,"minecraft:diamond_helmet":1,"minecraft:diamond_leggings":1,"iceandfire:armor_green_helmet":2,"aether:diamond_gloves":1,"minecraft:diamond_axe":1,"minecraft:crafting_table":2,"minecraft:diamond_pickaxe":2,"minecraft:shield":1,"quark:oak_chest":10,"minecraft:stick":210,"quark:mangrove_chest":2,"iceandfire:dragonbone_sword_fire":1,"minecraft:iron_axe":1,"luminousworld:white_oak_plank":40,"born_in_chaos_v1:fried_maggot":1,"minecraft:diamond_boots":1,"iceandfire:dragonbone_sword":3,"minecraft:diamond_sword":2,"minecraft:mangrove_planks":16,"iceandfire:dragonbone_pickaxe":2,"minecraft:acacia_planks":8,"minecraft:torch":48,"minecraft:diamond_chestplate":2},"minecraft:killed":{"naturalist:rattlesnake":1,"alexsmobs:hummingbird":1,"earthmobsmod:jumbo_rabbit":2,"minecraft:spider":2,"enemyexpansion:equestrian":2,"undead_revamp2:clogger":1,"minecraft:zombie_horse":1,"undead_revamp2:theswarmer":1,"born_in_chaos_v1:baby_skeleton_minion":2,"minecraft:skeleton":20,"undead_revamp2:deadclogger":1,"alexsmobs:hammerhead_shark":1,"minecraft:tropical_fish":5,"born_in_chaos_v1:firelight_not_despawn":1,"born_in_chaos_v1:bonescaller":1,"luminousworld:hollow":2,"minecraft:iron_golem":1,"undead_revamp2:theheavy":1,"mutantmonsters:mutant_skeleton":1,"minecraft:creeper":2,"born_in_chaos_v1:zombie_fisherman":1,"minecraft:pillager":1,"luminousworld:savannah_skeleton":4,"enemyexpansion:meature":1,"minecraft:zombie":20,"born_in_chaos_v1:corpse_fly":9,"enemyexpansion:botfly":5,"alexsmobs:roadrunner":1,"bettermobs:capivara":1,"alexsmobs:fly":1,"enemyexpansion:wasp":1,"naturalist:lion":1,"undead_revamp2:thehunter":4,"undead_revamp2:theimmortal":5,"luminousworld:sunken_skeleton":1,"undead_revamp2:bomber":1,"enemyexpansion:direwolf":3,"born_in_chaos_v1:zombie_bruiser":1,"born_in_chaos_v1:maggot":6,"iceandfire:fire_dragon":1,"luminousworld:savannah_zombie":6,"born_in_chaos_v1:spirit_guide":1,"minecraft:husk":39,"alexsmobs:guster":1,"born_in_chaos_v1:swarmer":1,"born_in_chaos_v1:spirit_guide_assistant":2,"undead_revamp2:the_moonflower":1,"minecraft:rabbit":2,"enemyexpansion:sprinter":2,"minecraft:frog":2,"minecraft:ravager":5,"born_in_chaos_v1:decrepit_skeleton":2,"undead_revamp2:thesomnolence":1,"iceandfire:ghost":2,"alexsmobs:caiman":1,"born_in_chaos_v1:nightmare_stalker":1,"minecraft:wither_skeleton":22,"enemyexpansion:slugger":1},"minecraft:killed_by":{"minecraft:wither_skeleton":3,"iceandfire:cyclops":4,"minecraft:creeper":1,"born_in_chaos_v1:zombie_bruiser":1,"born_in_chaos_v1:baby_skeleton":1,"iceandfire:sea_serpent":1,"undead_revamp2:clogger":1,"minecraft:zombie":6,"undead_revamp2:theheavy":1,"iceandfire:fire_dragon":2,"enemyexpansion:invisicreeper":2,"minecraft:husk":10,"minecraft:player":3,"iceandfire:deathworm":1,"undead_revamp2:theswarmer":1,"undead_revamp2:thehorrors":1,"undead_revamp2:therod":2,"minecraft:hoglin":1,"minecraft:skeleton":1,"iceandfire:lightning_dragon":3,"iceandfire:ghost":1,"born_in_chaos_v1:door_knight":2,"luminousworld:savannah_skeleton":1}},"DataVersion":3465}