{"stats":{"minecraft:dropped":{"minecraft:iron_pickaxe":1,"minecraft:iron_shovel":1},"minecraft:killed":{"alexsmobs:guster":1,"earthmobsmod:jumbo_rabbit":1,"alexsmobs:caiman":1,"minecraft:rabbit":2,"minecraft:iron_golem":1,"alexsmobs:fly":1,"minecraft:frog":1,"minecraft:tropical_fish":5,"born_in_chaos_v1:firelight_not_despawn":1},"minecraft:crafted":{"minecraft:diamond_sword":1,"minecraft:iron_axe":1},"minecraft:picked_up":{"minecraft:stripped_oak_log":1,"minecraft:allium":1,"minecraft:clay_ball":6,"minecraft:golden_shovel":1,"minecraft:sand":32,"minecraft:diorite":24,"minecraft:chiseled_sandstone":2,"minecraft:rabbit_foot":3,"minecraft:bone":2,"minecraft:birch_fence":2,"born_in_chaos_v1:fire_dust":1,"minecraft:tropical_fish":5,"minecraft:gold_nugget":9,"minecraft:rabbit_hide":3,"minecraft:granite":1,"alexsmobs:maggot":2,"minecraft:golden_horse_armor":1,"minecraft:rabbit":4,"minecraft:mangrove_propagule":1,"iceandfire:raw_silver":1,"minecraft:cobblestone":4},"minecraft:used":{"minecraft:diorite":5,"minecraft:iron_shovel":20,"minecraft:bread":18,"minecraft:iron_pickaxe":36,"minecraft:diamond_sword":48,"minecraft:sand":20,"minecraft:golden_hoe":13,"alexsmobs:animal_dictionary":6,"tombstone:gift":2,"minecraft:golden_shovel":17,"minecraft:obsidian":3},"minecraft:mined":{"iceandfire:silver_ore":1,"minecraft:chiseled_sandstone":2,"minecraft:granite":1,"minecraft:grass":1,"minecraft:vine":2,"minecraft:sand":33,"minecraft:stripped_oak_log":1,"minecraft:stone":4,"minecraft:diorite":24,"minecraft:oak_leaves":3,"minecraft:birch_fence":2},"minecraft:killed_by":{"minecraft:player":1,"born_in_chaos_v1:door_knight":2},"minecraft:custom":{"minecraft:time_since_rest":21528,"minecraft:sprint_one_cm":195289,"minecraft:damage_taken":1781,"minecraft:walk_one_cm":263456,"minecraft:mob_kills":15,"minecraft:drop":2,"minecraft:damage_dealt":2371,"minecraft:interact_with_crafting_table":5,"minecraft:swim_one_cm":23103,"minecraft:talked_to_villager":2,"minecraft:player_kills":1,"minecraft:fly_one_cm":335292,"minecraft:open_barrel":1,"minecraft:open_chest":48,"minecraft:crouch_one_cm":739,"minecraft:play_time":71538,"minecraft:interact_with_loom":1,"minecraft:deaths":4,"minecraft:sneak_time":318,"minecraft:walk_under_water_one_cm":38338,"minecraft:jump":1306,"minecraft:damage_dealt_resisted":510,"minecraft:interact_with_stonecutter":1,"minecraft:leave_game":4,"minecraft:time_since_death":21927,"minecraft:total_world_time":71538,"minecraft:interact_with_smoker":3,"minecraft:walk_on_water_one_cm":34869,"minecraft:sleep_in_bed":1,"minecraft:climb_one_cm":4611,"minecraft:fall_one_cm":27200,"minecraft:horse_one_cm":6980}},"DataVersion":3465}