{"stats":{"minecraft:killed":{"minecraft:rabbit":1,"minecraft:frog":1},"minecraft:custom":{"minecraft:time_since_rest":15849,"minecraft:open_chest":1,"minecraft:crouch_one_cm":84,"minecraft:sprint_one_cm":35948,"minecraft:play_time":15849,"minecraft:damage_taken":108,"minecraft:walk_one_cm":73387,"minecraft:sneak_time":57,"minecraft:walk_under_water_one_cm":7094,"minecraft:mob_kills":2,"minecraft:jump":360,"minecraft:damage_dealt":210,"minecraft:leave_game":3,"minecraft:walk_on_water_one_cm":9171,"minecraft:time_since_death":15849,"minecraft:total_world_time":15849,"minecraft:swim_one_cm":1423,"minecraft:fall_one_cm":7861,"minecraft:fly_one_cm":59454},"minecraft:picked_up":{"minecraft:rabbit":1},"minecraft:used":{"alexsmobs:animal_dictionary":6,"minecraft:obsidian":3},"minecraft:mined":{"minecraft:grass":1}},"DataVersion":3465}