{"stats":{"minecraft:killed":{"earthmobsmod:jumbo_rabbit":1,"minecraft:rabbit":2,"minecraft:frog":1},"minecraft:killed_by":{"minecraft:player":1},"minecraft:custom":{"minecraft:time_since_rest":5958,"minecraft:sprint_one_cm":140697,"minecraft:damage_taken":747,"minecraft:walk_one_cm":164326,"minecraft:mob_kills":4,"minecraft:damage_dealt":434,"minecraft:swim_one_cm":15789,"minecraft:interact_with_crafting_table":3,"minecraft:fly_one_cm":162576,"minecraft:player_kills":1,"minecraft:open_chest":30,"minecraft:crouch_one_cm":111,"minecraft:play_time":39849,"minecraft:deaths":2,"minecraft:sneak_time":194,"minecraft:walk_under_water_one_cm":17290,"minecraft:jump":884,"minecraft:total_world_time":39849,"minecraft:leave_game":3,"minecraft:time_since_death":18520,"minecraft:walk_on_water_one_cm":20506,"minecraft:sleep_in_bed":1,"minecraft:climb_one_cm":2882,"minecraft:interact_with_smoker":1,"minecraft:fall_one_cm":17469},"minecraft:picked_up":{"minecraft:allium":1,"minecraft:clay_ball":3,"minecraft:golden_shovel":1,"minecraft:sand":12,"minecraft:rabbit_foot":3,"minecraft:birch_fence":1,"minecraft:bone":2,"minecraft:gold_nugget":9,"minecraft:rabbit_hide":3,"minecraft:golden_horse_armor":1,"minecraft:rabbit":4,"minecraft:mangrove_propagule":1},"minecraft:used":{"minecraft:bread":8,"minecraft:iron_pickaxe":1,"minecraft:diamond_sword":2,"minecraft:golden_hoe":12,"tombstone:gift":2,"alexsmobs:animal_dictionary":6,"minecraft:golden_shovel":17,"minecraft:obsidian":3},"minecraft:mined":{"minecraft:grass":1,"minecraft:sand":13,"minecraft:birch_fence":1},"minecraft:crafted":{"minecraft:diamond_sword":1}},"DataVersion":3465}