{"stats":{"minecraft:killed":{"minecraft:frog":1},"minecraft:custom":{"minecraft:jump":260,"minecraft:time_since_rest":10517,"minecraft:walk_on_water_one_cm":3132,"minecraft:damage_taken":80,"minecraft:damage_dealt":130,"minecraft:crouch_one_cm":84,"minecraft:leave_game":3,"minecraft:play_time":10517,"minecraft:sprint_one_cm":35948,"minecraft:time_since_death":10517,"minecraft:walk_one_cm":26932,"minecraft:sneak_time":10,"minecraft:total_world_time":10517,"minecraft:walk_under_water_one_cm":2794,"minecraft:mob_kills":1,"minecraft:swim_one_cm":1423,"minecraft:fall_one_cm":7048,"minecraft:fly_one_cm":59078},"minecraft:used":{"alexsmobs:animal_dictionary":4},"minecraft:mined":{"minecraft:grass":1}},"DataVersion":3465}